ardanlabs.com.,suffix
llama.com.,suffix
galxe.com.,suffix
checks.google.com.,suffix
cmf.tech.,suffix
nothing.tech.,suffix
schrodinger.com.,suffix
salesforce.com.,suffix
microsoft.com.,suffix
hostinger.com.,suffix
githubusercontent.com.,suffix
Beatport.com.,suffix
fedoraproject.org.,suffix
discordapp.com.,suffix
discord.media .,suffix
sourcegraph.com.,suffix
exaloop.io.,suffix
softether-download.com.,suffix
gamea.clashofclans.com.,suffix
check-host.net.,suffix
akamaized.net.,suffix
ettdnsv.com.,suffix
gbcass.com.,suffix
radware.com.,suffix
konami.com.,suffix
accounts.google.com.,suffix
ads.google.com.,suffix
adservice.google.com.,suffix
ai.google.com.,suffix
analytics.google.com.,suffix
apis.google.com.,suffix
appengine.google.com.,suffix
books.google.com.,suffix
business.google.com.,suffix
chat.google.com.,suffix
classroom.google.com.,suffix
clients.google.com.,suffix
clients2.google.com.,suffix
clients6.google.com.,suffix
cloud.google.com.,suffix
code.google.com.,suffix
datastudio.google.com.,suffix
design.google.com.,suffix
developer.google.com.,suffix
developers.google.com.,suffix
dl-ssl.google.com.,suffix
dl.google.com.,suffix
firebase.google.com.,suffix
issuetracker.google.com.,suffix
lens.google.com.,suffix
maps.google.com.,suffix
marketingplatform.google.com.,suffix
maven.google.com.,suffix
notifications.google.com.,suffix
one.google.com.,suffix
optimize.google.com.,suffix
pay.google.com.,suffix
payments.google.com.,suffix
play.google.com.,suffix
research.google.com.,suffix
services.google.com.,suffix
surveys.google.com.,suffix
tagmanager.google.com.,suffix
time.google.com.,suffix
apple.com.,suffix
iforgot.apple.com.,suffix
googletagmanager.com.,suffix
azure.com.,suffix
zoom.us.,suffix
spotify.com.,suffix
algolia.net.,suffix
mozilla.org.,suffix
paypal.com.,suffix
google-analytics.com.,suffix
skype.com.,suffix
imgur.com.,suffix
i.stack.imgur.com.,suffix
medium.com.,suffix
arcgis.com.,suffix
gravatar.com.,suffix
webex.com.,suffix
apache.org.,suffix
udemy.com.,suffix
ibm.com.,suffix
zendesk.com.,suffix
upwork.com.,suffix
teamviewer.com.,suffix
oracle.com.,suffix
dell.com.,suffix
slack.com.,suffix
mit.edu.,suffix
opensea.io.,suffix
fiverr.com.,suffix
http.dev.,suffix
http.app.,suffix
http.codes.,suffix
android.com.,suffix
go.dev.,suffix
colab.google.,suffix
larksuite.com.,suffix
adobe.com.,suffix
algolia.com.,suffix
amd.com.,suffix
appspot.com.,suffix
atlassian.net.,suffix
boardgamegeek.com.,suffix
chatgpt.com.,suffix
chat.openai.com.,suffix
claude.ai.,suffix
computerworld.com.,suffix
cisco.com.,suffix
docker.com.,suffix
docker.io.,suffix
ebay.com.,suffix
filehippo.com.,suffix
gitlab.com.,suffix
gns3.com.,suffix
golang.org.,suffix
grafana.com.,suffix
hpe.com.,suffix
ign.com.,suffix
intel.com.,suffix
kinsta.com.,suffix
linuxhostsupport.com.,suffix
motorola.com.,suffix
mysql.com.,suffix
nvidia.com.,suffix
notion.so.,suffix
solarwinds.com.,suffix
spiceworks.com.,suffix
splunk.com.,suffix
ti.com.,suffix
vmware.com.,suffix
visa.com.,suffix
web.dev.,suffix
gemini.google.com.,suffix
bard.google.com.,suffix
alibaba.com.,suffix
freepik.com.,suffix
img.freepik.com.,suffix
samsung.com.,suffix
developer.samsung.com.,suffix
go.com.,suffix
amadeus.com.,suffix
api.amadeus.com.,suffix
criteo.com.,suffix
nginx.com.,suffix
digitalocean.com.,suffix
amazonvideo.com.,suffix
ilovepdf.com.,suffix
php.net.,suffix
trello.com.,suffix
cnet.com.,suffix
mailchimp.com.,suffix
constantcontact.com.,suffix
figma.com.,suffix
mi.com.,suffix
grammarly.com.,suffix
cpanel.net.,suffix
forums.cpanel.net.,suffix
unity3d.com.,suffix
download.unity3d.com.,suffix
envato.com.,suffix
build.envato.com.,suffix
elements.envato.com.,suffix
openstreetmap.org.,suffix
siteground.com.,suffix
themeforest.net.,suffix
linode.com.,suffix
atlassian.com.,suffix
lenovo.com.,suffix
doc.vmware.com.,suffix
hol.vmware.com.,suffix
ubuntu.com.,suffix
archive.ubuntu.com.,suffix
launchpad.net.,suffix
redhat.com.,suffix
connect.redhat.com.,suffix
coursera.org.,suffix
miui.com.,suffix
en.miui.com.,suffix
qualtrics.com.,suffix
google.qualtrics.com.,suffix
mongodb.com.,suffix
onetrust.com.,suffix
python.org.,suffix
hotjar.com.,suffix
similarweb.com.,suffix
prezi.com.,suffix
norton.com.,suffix
rubiconproject.com.,suffix
codepen.io.,suffix
quillbot.com.,suffix
adsrvr.org.,suffix
newrelic.com.,suffix
bitbucket.org.,suffix
api.bitbucket.org.,suffix
remove.bg.,suffix
akismet.com.,suffix
techtarget.com.,suffix
disney.com.,suffix
yale.edu.,suffix
codex.cs.yale.edu.,suffix
feedburner.com.,suffix
anchor.fm.,suffix
fontawesome.com.,suffix
xkcd.com.,suffix
dynect.net.,suffix
mathworks.com.,suffix
xbox.com.,suffix
cloudinary.com.,suffix
smartadserver.com.,suffix
amazon.com.,suffix
aws.amazon.com.,suffix
amazonaws.com.,suffix
s3.amazonaws.com.,suffix
visualstudio.com.,suffix
nintendo.com.,suffix
unity.com.,suffix
openai.com.,suffix
doubleclick.net.,suffix
creativecloud.adobe.com.,suffix
blockchain.com.,suffix
sharethrough.com.,suffix
waze.com.,suffix
netdna-ssl.com.,suffix
launchdarkly.com.,suffix
semrush.com.,suffix
imdb.com.,suffix
rover.ebay.com.,suffix
elastic.co.,suffix
khanacademy.org.,suffix
sun.com.,suffix
branch.io.,suffix
sourceforge.net.,suffix
crashlytics.com.,suffix
caddyserver.com.,suffix
stripe.com.,suffix
js.stripe.com.,suffix
hwcdn.net.,suffix
miro.com.,suffix
epicgames.com.,suffix
accounts.epicgames.com.,suffix
creativemarket.com.,suffix
feedly.com.,suffix
hoster.kz.,suffix
mirror.hoster.kz.,suffix
lg.com.,suffix
zoho.com.,suffix
optimizely.com.,suffix
sendinblue.com.,suffix
api.sendinblue.com.,suffix
googleadservices.com.,suffix
xero.com.,suffix
statuspage.io.,suffix
amplitude.com.,suffix
kaggle.com.,suffix
auth0.com.,suffix
leagueoflegends.com.,suffix
play.euw.leagueoflegends.com.,suffix
woocommerce.com.,suffix
microchip.com.,suffix
prestashop.com.,suffix
cookielaw.org.,suffix
pendo.io.,suffix
freelancer.com.,suffix
rapid7.com.,suffix
sentry.io.,suffix
overleaf.com.,suffix
compiles.overleaf.com.,suffix
wikia.com.,suffix
ieee.org.,suffix
twilio.com.,suffix
bugsnag.com.,suffix
freecodecamp.org.,suffix
pypi.org.,suffix
id5-sync.com.,suffix
googleblog.com.,suffix
androidstudio.googleblog.com.,suffix
nodejs.org.,suffix
convertio.co.,suffix
vultr.com.,suffix
stackexchange.com.,suffix
hetzner.com.,suffix
moz.com.,suffix
smartsheet.com.,suffix
anydesk.com.,suffix
pingdom.com.,suffix
nflxvideo.net.,suffix
pubmatic.com.,suffix
bestbuy.com.,suffix
codecanyon.net.,suffix
plesk.com.,suffix
intercom.io.,suffix
widget.intercom.io.,suffix
alexa.com.,suffix
getbootstrap.com.,suffix
ipinfo.io.,suffix
bootstrapcdn.com.,suffix
fbsbx.com.,suffix
superuser.com.,suffix
dyn.com.,suffix
flaticon.com.,suffix
elementor.com.,suffix
zend.com.,suffix
smallseotools.com.,suffix
truste.com.,suffix
vuejs.org.,suffix
he.net.,suffix
lg.he.net.,suffix
uplynk.com.,suffix
postman.com.,suffix
dev.to.,suffix
unrealengine.com.,suffix
fortinet.com.,suffix
segment.com.,suffix
towardsdatascience.com.,suffix
bungie.net.,suffix
typekit.com.,suffix
datastax.com.,suffix
docs.datastax.com.,suffix
haxx.se.,suffix
curl.haxx.se.,suffix
wpastra.com.,suffix
imgix.net.,suffix
brightcove.com.,suffix
akamai.com.,suffix
broadcom.com.,suffix
themoviedb.org.,suffix
tinypng.com.,suffix
spring.io.,suffix
adobelogin.com.,suffix
coursehero.com.,suffix
kubernetes.io.,suffix
activision.com.,suffix
edx.org.,suffix
sc-static.net.,suffix
segment.io.,suffix
usertesting.com.,suffix
edgecastcdn.net.,suffix
reactjs.org.,suffix
laravel.com.,suffix
cloudflareinsights.com.,suffix
joker.com.,suffix
jwplayer.com.,suffix
thinkwithgoogle.com.,suffix
chromium.org.,suffix
virtualbox.org.,suffix
download.virtualbox.org.,suffix
f-secure.com.,suffix
xboxlive.com.,suffix
invisionapp.com.,suffix
flurry.com.,suffix
internetdownloadmanager.com.,suffix
heroku.com.,suffix
st.com.,suffix
packtpub.com.,suffix
algolianet.com.,suffix
delltechnologies.com.,suffix
curl.se.,suffix
caddy.community.,suffix
bitbucket.io.,suffix
redis.io.,suffix
fullstory.com.,suffix
freenom.com.,suffix
sendgrid.com.,suffix
redditmedia.com.,suffix
browserstack.com.,suffix
telerik.com.,suffix
docs.telerik.com.,suffix
symfony.com.,suffix
parsely.com.,suffix
cc.com.,suffix
southpark.cc.com.,suffix
polyfill.io.,suffix
cdn.polyfill.io.,suffix
baeldung.com.,suffix
wordfence.com.,suffix
noc1.wordfence.com.,suffix
noc2.wordfence.com.,suffix
noc3.wordfence.com.,suffix
noc4.wordfence.com.,suffix
bsigroup.com.,suffix
getflywheel.com.,suffix
gitpod.io.,suffix
ccleaner.com.,suffix
programiz.com.,suffix
graphicriver.net.,suffix
origin.com.,suffix
theme-fusion.com.,suffix
updates.theme-fusion.com.,suffix
datacamp.com.,suffix
java.net.,suffix
gtmetrix.com.,suffix
mktoresp.com.,suffix
freepikcompany.com.,suffix
rapidtables.com.,suffix
stripe.network.,suffix
mendeley.com.,suffix
ni.com.,suffix
zabbix.com.,suffix
repo.zabbix.com.,suffix
packagist.org.,suffix
olark.com.,suffix
html5up.net.,suffix
mycloud.com.,suffix
slidesgo.com.,suffix
split.io.,suffix
intercomcdn.com.,suffix
js.intercomcdn.com.,suffix
demandbase.com.,suffix
codesandbox.io.,suffix
pub.dev.,suffix
hashicorp.com.,suffix
releases.hashicorp.com.,suffix
respawn.com.,suffix
exodus.io.,suffix
nbcuni.com.,suffix
djangoproject.com.,suffix
toggl.com.,suffix
sling.com.,suffix
googlesource.com.,suffix
theplatform.com.,suffix
hackerrank.com.,suffix
shadowserver.org.,suffix
softlayer.com.,suffix
videohive.net.,suffix
digikey.com.,suffix
techspot.com.,suffix
fastly-insights.com.,suffix
qt.io.,suffix
turner.com.,suffix
rust-lang.org.,suffix
paypalobjects.com.,suffix
filecr.com.,suffix
flutter.dev.,suffix
grabcad.com.,suffix
schema.org.,suffix
wdc.com.,suffix
mandrillapp.com.,suffix
mvnrepository.com.,suffix
ip2location.com.,suffix
getcomposer.org.,suffix
oceanwp.org.,suffix
tabnine.com.,suffix
cgtrader.com.,suffix
virtualmin.com.,suffix
maxmind.com.,suffix
download.maxmind.com.,suffix
mxtoolbox.com.,suffix
pytorch.org.,suffix
ispsystem.com.,suffix
cdn.ispsystem.com.,suffix
nextjs.org.,suffix
bluemix.net.,suffix
wordtune.com.,suffix
registry-1.docker.io.,suffix
rtings.com.,suffix
khronos.org.,suffix
ansible.com.,suffix
wpml.org.,suffix
tensorflow.org.,suffix
teamtreehouse.com.,suffix
jetpack.com.,suffix
netacad.com.,suffix
fastly.com.,suffix
clamav.net.,suffix
audiojungle.net.,suffix
xilinx.com.,suffix
spoti.fi.,suffix
warframe.com.,suffix
paessler.com.,suffix
material.io.,suffix
mariadb.com.,suffix
rapidapi.com.,suffix
monsterinsights.com.,suffix
paddle.com.,suffix
rstudio.com.,suffix
f2pool.com.,suffix
btc-eu.f2pool.com.,suffix
btc-us.f2pool.com.,suffix
btc.f2pool.com.,suffix
percona.com.,suffix
nirsoft.net.,suffix
linuxquestions.org.,suffix
amp.dev.,suffix
artbees.net.,suffix
motionarray.com.,suffix
rubygems.org.,suffix
openreview.net.,suffix
bold-themes.com.,suffix
placeholder.com.,suffix
via.placeholder.com.,suffix
glitch.com.,suffix
glitch.me.,suffix
admob.com.,suffix
apps.admob.com.,suffix
websitedemos.net.,suffix
optusnet.com.au.,suffix
timedoctor.com.,suffix
cloudlinux.com.,suffix
repo.alt.cloudlinux.com.,suffix
photodune.net.,suffix
smtp2go.com.,suffix
mail.smtp2go.com.,suffix
terraform.io.,suffix
registry.terraform.io.,suffix
highcharts.com.,suffix
cloudera.com.,suffix
optus.com.au.,suffix
site.pro.,suffix
update.site.pro.,suffix
chocolatey.org.,suffix
level3.net.,suffix
coreldraw.com.,suffix
thimpress.com.,suffix
omappapi.com.,suffix
crocoblock.com.,suffix
api.crocoblock.com.,suffix
quicksprout.com.,suffix
deno.land.,suffix
hbogo.com.,suffix
swift.org.,suffix
npmjs.org.,suffix
registry.npmjs.org.,suffix
almalinux.org.,suffix
vagrantup.com.,suffix
tecmint.com.,suffix
wpmudev.com.,suffix
geforce.com.,suffix
travis-ci.org.,suffix
visualwebsiteoptimizer.com.,suffix
mailgun.com.,suffix
maven.org.,suffix
expo.dev.,suffix
sslshopper.com.,suffix
deepmind.com.,suffix
cloudbees.com.,suffix
dodi-repacks.site.,suffix
expressjs.com.,suffix
ryte.com.,suffix
angularjs.org.,suffix
k8s.io.,suffix
registry.k8s.io.,suffix
planet.com.,suffix
intellij.net.,suffix
rocketcdn.me.,suffix
itsfoss.com.,suffix
mixer.com.,suffix
rankmath.com.,suffix
oauth.rankmath.com.,suffix
wp-rocket.me.,suffix
quay.io.,suffix
element14.com.,suffix
netbeans.org.,suffix
gradle.org.,suffix
shortpixel.ai.,suffix
cdn.shortpixel.ai.,suffix
machinelearningmastery.com.,suffix
ant.design.,suffix
bintray.com.,suffix
mailenable.com.,suffix
aclanthology.org.,suffix
mongodb.org.,suffix
openshift.com.,suffix
cloud.openshift.com.,suffix
zeplin.io.,suffix
6sense.com.,suffix
travis-ci.com.,suffix
tielabs.com.,suffix
stackshare.io.,suffix
jitsi.org.,suffix
alldatasheet.com.,suffix
balena.io.,suffix
rabbitmq.com.,suffix
krisp.ai.,suffix
plotly.com.,suffix
dot.tk.,suffix
wandb.ai.,suffix
jfrog.io.,suffix
gravityforms.com.,suffix
expo.io.,suffix
mbed.com.,suffix
rocketleague.com.,suffix
yithemes.com.,suffix
graphql.org.,suffix
acloud.guru.,suffix
rocket.chat.,suffix
wd.com.,suffix
safaribooksonline.com.,suffix
redis.com.,suffix
grow.google.,suffix
totalbattle.com.,suffix
yougetsignal.com.,suffix
3docean.net.,suffix
pythonhosted.org.,suffix
gitkraken.com.,suffix
sstatic.net.,suffix
hetzner.cloud.,suffix
bigbluebutton.org.,suffix
webmin.com.,suffix
anaconda.org.,suffix
lightstep.com.,suffix
swaggerhub.com.,suffix
wakatime.com.,suffix
5sim.net.,suffix
comsol.com.,suffix
enterprisedb.com.,suffix
wpmudev.org.,suffix
oxygenbuilder.com.,suffix
ai.google.,suffix
wpbakery.com.,suffix
packagecloud.io.,suffix
hbonow.com.,suffix
altn.com.,suffix
getliner.com.,suffix
dart.dev.,suffix
coin360.com.,suffix
serverpilot.io.,suffix
socket.io.,suffix
count.ly.,suffix
csb.app.,suffix
red.com.,suffix
bitsrc.io.,suffix
psyonix.com.,suffix
myip.com.,suffix
nodesource.com.,suffix
nestjs.com.,suffix
sheerid.com.,suffix
jenkins-ci.org.,suffix
codecov.io.,suffix
seoptimer.com.,suffix
cybrary.it.,suffix
jaspersoft.com.,suffix
eslint.org.,suffix
securitytrails.com.,suffix
webnus.net.,suffix
developer.com.,suffix
helm.sh.,suffix
grafana.net.,suffix
tinyjpg.com.,suffix
c9.io.,suffix
ruby-doc.org.,suffix
min.io.,suffix
seleniumhq.org.,suffix
ifconfig.co.,suffix
fabric.io.,suffix
bootswatch.com.,suffix
godoc.org.,suffix
daily.dev.,suffix
api.daily.dev.,suffix
codewithmosh.com.,suffix
shortpixel.com.,suffix
tele2.net.,suffix
speedtest.tele2.net.,suffix
gluonhq.com.,suffix
invis.io.,suffix
quilljs.com.,suffix
hackthebox.eu.,suffix
oroinc.com.,suffix
freenas.org.,suffix
azul.com.,suffix
01.org.,suffix
download.01.org.,suffix
acloudguru.com.,suffix
sitefinity.com.,suffix
codegrepper.com.,suffix
alldebrid.com.,suffix
vuforia.com.,suffix
netdata.cloud.,suffix
app.netdata.cloud.,suffix
dogechain.info.,suffix
my.dogechain.info.,suffix
keil.com.,suffix
blockstream.info.,suffix
genymotion.com.,suffix
host.io.,suffix
seo-hacker.com.,suffix
grafana.org.,suffix
fusioncharts.com.,suffix
cloudflarestatus.com.,suffix
nvidia.co.uk.,suffix
quic.cloud.,suffix
altera.com.,suffix
doubleclickbygoogle.com.,suffix
jitpack.io.,suffix
realm.io.,suffix
firebase.com.,suffix
reactnavigation.org.,suffix
seoreviewtools.com.,suffix
i18next.com.,suffix
libraries.io.,suffix
nativescript.org.,suffix
bitvise.com.,suffix
fedoramagazine.org.,suffix
hogash.com.,suffix
paperspace.com.,suffix
zeit.co.,suffix
godbolt.org.,suffix
pwc.ca.,suffix
dartlang.org.,suffix
gcr.io.,suffix
wrappixel.com.,suffix
zestyio.com.,suffix
phlox.pro.,suffix
demo.phlox.pro.,suffix
coincap.io.,suffix
api.coincap.io.,suffix
hyper.is.,suffix
consul.io.,suffix
webdesign.org.,suffix
cdw.ca.,suffix
proandroiddev.com.,suffix
eep.io.,suffix
cbeci.org.,suffix
jenkov.com.,suffix
explainshell.com.,suffix
aapanel.com.,suffix
goanimate.com.,suffix
envato-static.com.,suffix
polymer-project.org.,suffix
cocalc.com.,suffix
incredibuild.com.,suffix
nightwatch.io.,suffix
packagist.com.,suffix
fsdn.com.,suffix
kaggle.net.,suffix
kreaturamedia.com.,suffix
repository.kreaturamedia.com.,suffix
followeran.com.,suffix
kaggle.io.,suffix
gurobi.com.,suffix
battlefieldtracker.com.,suffix
nopixel.net.,suffix
ts.nopixel.net.,suffix
maas.io.,suffix
b4x.com.,suffix
bazel.build.,suffix
bit.dev.,suffix
instana.com.,suffix
elegantflyer.com.,suffix
opennebula.io.,suffix
seopress.org.,suffix
bricksbuilder.io.,suffix
platform9.com.,suffix
dshield.org.,suffix
pepipost.com.,suffix
smtp.pepipost.com.,suffix
bungie.com.,suffix
oxy.host.,suffix
unlimited-elements.com.,suffix
flutter.io.,suffix
goharbor.io.,suffix
memoryhackers.org.,suffix
dedicatedpanel.com.,suffix
simplemaps.com.,suffix
disneyjunior.com.,suffix
jfrog.org.,suffix
meetfranz.com.,suffix
magestore.com.,suffix
pkg.dev.,suffix
gamekit.com.,suffix
conan.io.,suffix
gopkg.in.,suffix
hex.pm.,suffix
jhipster.tech.,suffix
kaggleusercontent.com.,suffix
vyos.io.,suffix
fuchsia.dev.,suffix
react-select.com.,suffix
powerpackelements.com.,suffix
coursera.com.,suffix
onpage.org.,suffix
wdtvlive.com.,suffix
wpsheeteditor.com.,suffix
nvidia.fr.,suffix
whmcsglobalservices.com.,suffix
labix.org.,suffix
lit.dev.,suffix
adobeexchange.com.,suffix
gravitykit.com.,suffix
cppstories.com.,suffix
tinify.com.,suffix
websiteforstudents.com.,suffix
cgaxis.com.,suffix
kingcomposer.com.,suffix
victoriametrics.com.,suffix
dynstatus.com.,suffix
h-bid.com.,suffix
sparkjava.com.,suffix
crtv.mk.,suffix
downduck.com.,suffix
livepopulation.com.,suffix
acme.sh.,suffix
get.acme.sh.,suffix
trueos.org.,suffix
my-netdata.io.,suffix
getcaddy.com.,suffix
javacardos.com.,suffix
cljdoc.org.,suffix
autom8n.com.,suffix
heroturko.net.,suffix
gravityview.co.,suffix
licensepal.com.,suffix
areama.net.,suffix
api.areama.net.,suffix
conikal.com.,suffix
hostcontrol-backoffice.com.,suffix
seancroxton.com.,suffix
extremeloading.com.,suffix
bungiefoundation.org.,suffix
ngxpagespeed.com.,suffix
gbudb.com.,suffix
rockstar.com.,suffix
samacsys.com.,suffix
chaquo.com.,suffix
intelephense.com.,suffix
clamav.com.,suffix
google.ai.,suffix
jenkins.org.,suffix
myip.nl.,suffix
withgoogle.com.,suffix
gitlab.io.,suffix
cloudfunctions.net.,suffix
firebaseio.com.,suffix
cdn.oaistatic.com.,suffix
console.cloud.google.com.,suffix
oraclecloud.com.,suffix
community.hpe.com.,suffix
vsphereclient.vmware.com.,suffix
code.vmware.com.,suffix
thwack.solarwinds.com.,suffix
downloadcenter.intel.com.,suffix
corpredirect.intel.com.,suffix
ark.intel.com.,suffix
oriondemo.solarwinds.com.,suffix
www.algolia.com.,suffix
download-ssc.cisco.com.,suffix
api.cisco.com.,suffix
software.cisco.com.,suffix
firebaseextensions.clients6.google.com.,suffix
repo.mysql.com.,suffix
packages.cloud.google.com.,suffix
apt.kubernetes.io.,suffix
dgivdslhqe3qo.cloudfront.net.,suffix
d36jcksde1wxzq.cloudfront.net.,suffix
d2wy8f7a9ursnm.cloudfront.net.,suffix
d20hvw4zeymqbm.cloudfront.net.,suffix
intel.de.,suffix
blogs.vmware.com.,suffix
kb.vmware.com.,suffix
docs.vmware.com.,suffix
ssc.vmware.com.,suffix
my.vmware.com.,suffix
mon.vmware.com.,suffix
ebaystatic.co.,suffix
ebayimg.com.,suffix
ebaycdn.net.,suffix
visa.de.,suffix
att.com.,suffix
accounts.xboxlive.com.,suffix
adept-server-prod-uodmhebufa-ue.a.run.app.,suffix
arc.msn.com.,suffix
assets.xboxservices.com.,suffix
avatarv3.xboxlive.com.,suffix
c.pki.goog.,suffix
catalog.gamepass.com.,suffix
clubhub.xboxlive.com.,suffix
comments.xboxlive.com.,suffix
consent.config.office.com.,suffix
dlassets-ssl.xboxlive.com.,suffix
dns.msftncsi.com.,suffix
editorial.xboxlive.com.,suffix
eplists.xboxlive.com.,suffix
gosca18.ea.com.,suffix
images-eds-ssl.xboxlive.com.,suffix
in.appcenter.ms.,suffix
insights-collector.newrelic.com.,suffix
instance.mgt.xboxlive.com.,suffix
leaderboards.xboxlive.com.,suffix
login.live.com.,suffix
notificationinbox.xboxlive.com.,suffix
notifier.xboxlive.com.,suffix
ocsp.digicert.com.,suffix
peoplehub.xboxlive.com.,suffix
privacy.xboxlive.com.,suffix
profile.xboxlive.com.,suffix
rta.xboxlive.com.,suffix
sessiondirectory.xboxlive.com.,suffix
social.xboxlive.com.,suffix
streaming.xboxlive.com.,suffix
title.mgt.xboxlive.com.,suffix
titlehub.xboxlive.com.,suffix
titlestorage.xboxlive.com.,suffix
titlestoragescus0102.blob.core.windows.net.,suffix
user.auth.xboxlive.com.,suffix
userpresence.xboxlive.com.,suffix
userstats.xboxlive.com.,suffix
usertitles.xboxlive.com.,suffix
utas.prd.s5.prd.futc-ext.gcp.ea.com.,suffix
msftconnecttest.com.,suffix
www.msftncsi.com.,suffix
www.xboxab.com.,suffix
www.xboxlive.com.,suffix
xblmessaging.xboxlive.com.,suffix
xgrant.xboxlive.com.,suffix
xncsi.xboxlive.com.,suffix
xnotify.xboxlive.com.,suffix
xsts.auth.xboxlive.com.,suffix
fcas.prd.s5.prd.futc-ext.gcp.ea.com.,suffix
000webhost.com.,suffix
a.softaculous.com.,suffix
account.wpmet.com.,suffix
aceplugins.com.,suffix
acf-extended.com.,suffix
acme-v02.api.letsencrypt.org.,suffix
adminmenueditor.com.,suffix
alfahost.me.,suffix
almalinux.mirror.liteserver.nl.,suffix
almalinux.mirror.wearetriple.com.,suffix
ampcid.google.com.,suffix
analytify.io.,suffix
api.admincolumns.com.,suffix
api.akismet.com.,suffix
api.appsero.com.,suffix
api.cm-wp.com.,suffix
api.coinex.com.,suffix
api.envato.com.,suffix
api.eu.mailgun.net.,suffix
api.exactmetrics.com.,suffix
api.fontawesome.com.,suffix
api.freemius.com.,suffix
api.getbeamer.com.,suffix
api.google.com.,suffix
api.ipify.org.,suffix
api.mailgun.net.,suffix
api.monsterinsights.com.,suffix
api.openprovider.eu.,suffix
api.resmush.it.,suffix
api.softaculous.com.,suffix
api.thesslstore.com.,suffix
api.tinify.com.,suffix
api.unlimited-elements.com.,suffix
api.us.mailgun.net.,suffix
api.virtualizor.com.,suffix
api.wordpress.org.,suffix
api.wpfastestcache.net.,suffix
api.wpmet.com.,suffix
app-gateway.creativemail.com.,suffix
app.imagify.io.,suffix
archive.mariadb.org.,suffix
arpriceplugin.com.,suffix
auth.docker.io.,suffix
auth.wincher.com.,suffix
authenticate.scriptsbundle.com.,suffix
avada.ir.,suffix
bdthemes.com.,suffix
bit.ly.,suffix
cai.rankmath.com.,suffix
casper.yithemes.com.,suffix
cdn-download.rocket.chat.,suffix
cdn.jsdelivr.net.,suffix
cdn.wpml.org.,suffix
centos.mirror.liteserver.nl.,suffix
centos.mirror.triple-it.nl.,suffix
client.crisp.chat.,suffix
client.sabinserver.com.,suffix
codecs.fedoraproject.org.,suffix
coinbase.com.,suffix
connect.wpmailsmtp.com.,suffix
console.firebase.google.com.,suffix
creativemail.com.,suffix
csp.withgoogle.com.,suffix
da.vsicloud.com.,suffix
das.domreg.lt.,suffix
data.gingersoftware.com.,suffix
database.clamav.net.,suffix
deb.nodesource.com.,suffix
demo.themegrill.com.,suffix
deploymentcode.com.,suffix
developer.wordpress.org.,suffix
devs.mx.,suffix
directadmin.com.,suffix
dl.fedoraproject.org.,suffix
dl.k8s.io.,suffix
dl.yarnpkg.com.,suffix
dlm.mariadb.com.,suffix
domaincheck.auda.org.au.,suffix
download.docker.com.,suffix
download.imunify360.com.,suffix
download.sunnytoo.com.,suffix
download.wordpress.org.,suffix
downloads.joomla.org.,suffix
downloads.mariadb.com.,suffix
downloads.wordpress.org.,suffix
elementor.api.kustomerapp.com.,suffix
epel.mirror.wearetriple.com.,suffix
exactmetrics.com.,suffix
extendify.com.,suffix
fa.wordpress.org.,suffix
farazserver.net.,suffix
fedora-epel.koyanet.lv.,suffix
files.directadmin.com.,suffix
files.pythonhosted.org.,suffix
files.rtl-theme.com.,suffix
files.softaculous.com.,suffix
files.virtualizor.com.,suffix
flexibleshipping.com.,suffix
fonts.com.,suffix
ftp.nluug.nl.,suffix
ftp.postgresql.org.,suffix
get.docker.ir.,suffix
getwooplugins.com.,suffix
gmail-smtp-in.l.google.com.,suffix
gmail.com.,suffix
gravityapi.com.,suffix
help.us-themes.com.,suffix
httpupdate.cpanel.net.,suffix
iid.com.,suffix
indexing.com.,suffix
intellywp.com.,suffix
ipecho.net.,suffix
ir.archive.ubuntu.com.,suffix
iran-locations-api.vercel.app.,suffix
ithemes.com.,suffix
izhakwood.com.,suffix
justpaste.it.,suffix
kero.yachay.pe.,suffix
licence.yithemes.com.,suffix
license.dynamic.ooo.,suffix
license.opencart-api.com.,suffix
licenses.bdthemes.co.,suffix
licenses.softaculous.com.,suffix
lifterlms.com.,suffix
lightning.devs.mx.,suffix
linuxserver2.dedidata.com.,suffix
manage2.cpanel.net.,suffix
marketplace.envato.com.,suffix
megamenu.com.,suffix
metasploit.com.,suffix
mirror.1000mbps.com.,suffix
mirror.ams1.nl.leaseweb.net.,suffix
mirror.centos.org.,suffix
mirror.efect.ro.,suffix
mirror.lyrahosting.com.,suffix
mirror.mijn.host.,suffix
mirror.nforce.com.,suffix
mirror.nl.datapacket.com.,suffix
mirror.oxilion.nl.,suffix
mirror.previder.nl.,suffix
mirror.prolocation.net.,suffix
mirror.proserve.nl.,suffix
mirror.serverius.net.,suffix
mirror.sitbv.nl.,suffix
mirror.spectraip.net.,suffix
mirror.theory7.net.,suffix
mirror.usenet.farm.,suffix
mirror.wd6.net.,suffix
mirror.widexs.nl.,suffix
mirrorlist.centos.org.,suffix
mirrors.almalinux.org.,suffix
mirrors.fedoraproject.org.,suffix
monarch.tonic.to.,suffix
my.elementor.com.,suffix
my.yoast.com.,suffix
netflix.com.,suffix
nextendweb.com.,suffix
ngrok.io.,suffix
ninjateam.org.,suffix
nip.io.,suffix
nl.mirrors.clouvider.net.,suffix
node-binaries.s3.amazonaws.com.,suffix
node.aapanel.com.,suffix
novininsta.com.,suffix
oauth2.com.,suffix
objectcache.pro.,suffix
ocsp.comodoca.com.,suffix
onesignal.com.,suffix
onlinesim.ru.,suffix
openssl.org.,suffix
openvpn.net.,suffix
order.heapsoftware.com.,suffix
oteapi.webnic.cc.,suffix
packages-eu.bigbluebutton.org.,suffix
packages.gitlab.com.,suffix
packages.translationspress.com.,suffix
pagespeedonline.com.,suffix
pecl.php.net.,suffix
perfectmoney.com.,suffix
perfmatters.io.,suffix
pimwick.com.,suffix
plugin-downloads.elementor.com.,suffix
plugins.svn.wordpress.org.,suffix
ppa.launchpad.net.,suffix
preview.codecanyon.net.,suffix
pub.hostdns.top.,suffix
pypi.python.org.,suffix
quadlayers.com.,suffix
r.cpanel.fleetssl.com.,suffix
r.mariadb.com.,suffix
really-simple-ssl.com.,suffix
redux.io.,suffix
reduxframework.com.,suffix
releases.rocket.chat.,suffix
repo.almalinux.org.,suffix
repo.cloudlinux.com.,suffix
repo.imunify360.cloudlinux.com.,suffix
repo.jetlicense.com.,suffix
repo.mongodb.org.,suffix
repo.packagist.org.,suffix
repo.percona.com.,suffix
repo.the7.io.,suffix
resmush.it.,suffix
rest.akismet.com.,suffix
s0.softaculous.com.,suffix
s1.softaculous.com.,suffix
s2.softaculous.com.,suffix
s3-us-west-2.amazonaws.com.,suffix
s3.softaculous.com.,suffix
s4.softaculous.com.,suffix
s5.softaculous.com.,suffix
s6.softaculous.com.,suffix
s7.softaculous.com.,suffix
s8.softaculous.com.,suffix
sandbox-wbapi.thesslstore.com.,suffix
scriptsbundle.com.,suffix
searchconsole.com.,suffix
searchwp.com.,suffix
securedownloads.cpanel.net.,suffix
security.ubuntu.com.,suffix
server.softaculous.com.,suffix
shopapi.apigift.com.,suffix
sitekit.withgoogle.com.,suffix
smushpro.wpmudev.org.,suffix
softaculous.com.,suffix
spamassassin.apache.org.,suffix
stats.wp.com.,suffix
storage.com.,suffix
store.cpanel.net.,suffix
store.theplusaddons.com.,suffix
sunnytoo.com.,suffix
supplychain.mariadb.com.,suffix
support.brainstormforce.com.,suffix
sw-themes.com.,suffix
teconce.com.,suffix
test.beshkon.ir.,suffix
the7.io.,suffix
themeisle.com.,suffix
themexriver.com.,suffix
tinyurl.com.,suffix
tnedi.me.,suffix
tp.tax.gov.ir.,suffix
tp.wpml.org.,suffix
translate.wordpress.org.,suffix
type.com.,suffix
ubuntu.bigbluebutton.org.,suffix
upd.merkulov.design.,suffix
update.yithemes.com.,suffix
updates.themepunch-ext-a.tools.,suffix
updates.themepunch-ext-b.tools.,suffix
updates.themepunch-ext-c.tools.,suffix
updates.themepunch.tools.,suffix
updates.wpbakery.com.,suffix
usa10.tavanahost.com.,suffix
vault.centos.org.,suffix
verify.cpanel.net.,suffix
vestacp.com.,suffix
virtualizor.com.,suffix
visser.com.au.,suffix
webpay.bahamta.com.,suffix
welaunch.io.,suffix
whmcs.deploymentcode.com.,suffix
wincher.com.,suffix
woodmart.xtemos.com.,suffix
wordpress.org.,suffix
wp-statistics.com.,suffix
wp-toolkit.plesk.com.,suffix
wp.com.,suffix
wpapi.quic.cloud.,suffix
wpforms.com.,suffix
wpmailsmtp.com.,suffix
wpmet.com.,suffix
www.a.softaculous.com.,suffix
www.api.softaculous.com.,suffix
www.api.virtualizor.com.,suffix
www.arpriceplugin.com.,suffix
www.bigbluebutton.org.,suffix
www.codecanyon.net.,suffix
www.directadmin.com.,suffix
www.envato.com.,suffix
www.exactmetrics.com.,suffix
www.files.virtualizor.com.,suffix
www.com.,suffix
www.gt.,suffix
www.ilghera.com.,suffix
www.jetpack.com.,suffix
www.licenses.softaculous.com.,suffix
www.mongodb.org.,suffix
www.nic.pa.,suffix
www.onesignal.com.,suffix
www.origin.com.,suffix
www.preview.themeforest.net.,suffix
www.rtl-theme.com.,suffix
www.s1.softaculous.com.,suffix
www.s2.softaculous.com.,suffix
www.s3.softaculous.com.,suffix
www.s4.softaculous.com.,suffix
www.s5.softaculous.com.,suffix
www.s6.softaculous.com.,suffix
www.s7.softaculous.com.,suffix
www.server.softaculous.com.,suffix
www.softaculous.com.,suffix
www.sunnytoo.com.,suffix
www.themeforest.net.,suffix
www.virtualizor.com.,suffix
www.vmware.com.,suffix
www.wonderplugin.com.,suffix
www.wordfence.com.,suffix
www.yoa.st.,suffix
www.yoast.com.,suffix
xip.io.,suffix
yoa.st.,suffix
yoast.com.,suffix
za.net.,suffix
zispa.co.zw.,suffix
pes22-game.cs.konami.net.,suffix
asus.com.,suffix
firebaseremoteconfig.com.,suffix
pcsupport.lenovo.com.,suffix
registry.docker.io.,suffix
alexa.amazon.com.,suffix
alexa.a2z.com.,suffix
device-metrics-us.amazon.com.,suffix
firmware.amazon.com.,suffix
amazon.co.uk.,suffix
amazon.de.,suffix
amazonalexa.com.,suffix
echo-api.amazon.com.,suffix
pitangui.amazon.com.,suffix
layla.amazon.com.,suffix
alexa-fe.amazon.com.,suffix
alexa-comms-mobile-service.amazon.com.,suffix
alexa-skills.amazon.com.,suffix
alexa-na.amazon.com.,suffix
alexa-eu.amazon.com.,suffix
alexa-apis.amazon.com.,suffix
alexa.amazon.co.jp.,suffix
alexa.amazon.ca.,suffix
alexa.amazon.com.au.,suffix
alexa.amazon.in.,suffix
alexa.amazon.com.mx.,suffix
alexa.amazon.com.br.,suffix
alexa.amazon.fr.,suffix
alexa.amazon.it.,suffix
alexa.amazon.es.,suffix
alexa.amazon.cn.,suffix
alexa.amazon.nl.,suffix
alexa.amazon.se.,suffix
alexa.amazon.sa.,suffix
alexa.amazon.ae.,suffix
alexa.amazon.sg.,suffix
alexa.amazon.com.tr.,suffix
alexa.amazon.com.pl.,suffix
alexa.amazon.com.za.,suffix
alexa.amazon.com.eg.,suffix
alexa.amazon.com.ar.,suffix
alexa.amazon.com.cl.,suffix
alexa.amazon.com.co.,suffix
alexa.amazon.com.pe.,suffix
alexa.amazon.com.uy.,suffix
alexa.amazon.com.ve.,suffix
alexa.amazon.com.bo.,suffix
alexa.amazon.com.py.,suffix
alexa.amazon.com.ec.,suffix
alexa.amazon.com.gt.,suffix
alexa.amazon.com.hn.,suffix
alexa.amazon.com.ni.,suffix
alexa.amazon.com.pa.,suffix
alexa.amazon.com.cr.,suffix
alexa.amazon.com.do.,suffix
alexa.amazon.com.pr.,suffix
alexa.amazon.com.jm.,suffix
alexa.amazon.com.tt.,suffix
alexa.amazon.com.bs.,suffix
alexa.amazon.com.bz.,suffix
alexa.amazon.com.bb.,suffix
alexa.amazon.com.ag.,suffix
alexa.amazon.com.dm.,suffix
alexa.amazon.com.gd.,suffix
alexa.amazon.com.kn.,suffix
alexa.amazon.com.lc.,suffix
alexa.amazon.com.vc.,suffix
alexa.amazon.com.sv.,suffix
alexa.amazon.com.ht.,suffix
alexa.amazon.com.cu.,suffix
alexa.amazon.com.bm.,suffix
alexa.amazon.com.ai.,suffix
alexa.amazon.com.ms.,suffix
alexa.amazon.com.tc.,suffix
alexa.amazon.com.vg.,suffix
alexa.amazon.com.vi.,suffix
alexa.amazon.com.mq.,suffix
alexa.amazon.com.gp.,suffix
alexa.amazon.com.bl.,suffix
alexa.amazon.com.mf.,suffix
alexa.amazon.com.sx.,suffix
alexa.amazon.com.aw.,suffix
alexa.amazon.com.cw.,suffix
alexa.amazon.com.sr.,suffix
alexa.amazon.com.gy.,suffix
hackthebox.com.,suffix
tryhackme.com.,suffix
googleusercontent.com.,suffix
battle.net.,suffix
blizzard.com.,suffix
wowhead.com.,suffix
kmplayer.com.,suffix
ldplayer.net.,suffix
fortnite.com.,suffix
supercell.com.,suffix
notion.com.,suffix
java.com.,suffix
paymentwall.com.,suffix
adwords.google.com.,suffix
maxcdn.com.,suffix
wix.com.,suffix
bluehost.com.,suffix
drivereasy.com.,suffix
driverguide.com.,suffix
gopro.com.,suffix
autodesk.com.,suffix
autodeskplm360.com.,suffix
mcafee.com.,suffix
nanobox.io.,suffix
dnastack.com.,suffix
target.com.,suffix
capitalone.com.,suffix
wallet.google.com.,suffix
gamestop.com.,suffix
garmin.com.,suffix
dreamstime.com.,suffix
tdbank.com.,suffix
kmart.com.,suffix
fundsxpress.com.,suffix
firstdata.com.,suffix
aaa.com.,suffix
level3.com.,suffix
ml.com.,suffix
paychex.com.,suffix
pandora.com.,suffix
justcloud.com.,suffix
pagodabox.io.,suffix
vue.com.,suffix
pluralsight.com.,suffix
itasoftware.com.,suffix
sony.net.,suffix
strongloop.com.,suffix
dominos.co.uk.,suffix
yourprimer.com.,suffix
chromeexperiments.com.,suffix
html5rocks.com.,suffix
playmapscube.com.,suffix
getmdl.io.,suffix
chrome.com.,suffix
digitalattackmap.com.,suffix
virustotal.com.,suffix
blossom.io.,suffix
switch.co.,suffix
draw.io.,suffix
gramfeed.com.,suffix
paydesk.co.,suffix
affini-tech.com.,suffix
humblebundle.com.,suffix
defold.com.,suffix
googlesciencefair.com.,suffix
madewithcode.com.,suffix
creativelab5.com.,suffix
googleapps.com.,suffix
richmediagallery.com.,suffix
howgoogleworks.net.,suffix
androidexperiments.com.,suffix
urbangalaxyonline.com.,suffix
ingress.com.,suffix
synergyse.com.,suffix
cubeslam.com.,suffix
projectrebrief.com.,suffix
pushbullet.com.,suffix
cloudservepoint.com.,suffix
affclicker.com.,suffix
servingclks.com.,suffix
cloudzonetrk.com.,suffix
vonvon.me.,suffix
pravda.com.ua.,suffix
usaa.com.,suffix
bloomingdales.com.,suffix
epochtimes.com.,suffix
sears.com.,suffix
pnc.com.,suffix
kohls.com.,suffix
apartments.com.,suffix
scoompa.com.,suffix
seatgeek.com.,suffix
appintheair.mobi.,suffix
womentechmakers.com.,suffix
gwtproject.org.,suffix
usbank.com.,suffix
usbankfocus.com.,suffix
usbankconnect.com.,suffix
usbconvenientcash.com.,suffix
usbankgomobile.com.,suffix
flexperks.com.,suffix
usbank.visabuxx.com.,suffix
usa.visa.com.,suffix
elanfinancialservices.com.,suffix
myaccountaccess.com.,suffix
withyoutube.com.,suffix
tablesgenerator.com.,suffix
gpsessentials.com.,suffix
truelicense.java.net.,suffix
zxing.org.,suffix
signup.playster.com.,suffix
blogify.io.,suffix
mockable.io.,suffix
software.intel.com.,suffix
ganttproject.biz.,suffix
timer-tab.com.,suffix
getsentry.com.,suffix
rollbar.com.,suffix
retailmenot.com.,suffix
seagate.com.,suffix
bombsquadgame.com.,suffix
wowza.com.,suffix
activestate.com.,suffix
relativewave.com.,suffix
gcppodcast.com.,suffix
dl.trimble.com.,suffix
support.toggl.com.,suffix
flag-icon-css.lip.is.,suffix
jobs.toggl.com.,suffix
superday.toggl.com.,suffix
blog.toggl.com.,suffix
tableau.com.,suffix
marketplace.atlassian.com.,suffix
panel.preyproject.com.,suffix
solid.preyproject.com.,suffix
malwarebytes.com.,suffix
data-cdn.mbamupdates.com.,suffix
hortonworks.com.,suffix
airbnb.com.,suffix
kaleidoscopeapp.com.,suffix
artifacts.elastic.co.,suffix
my.nic.io.,suffix
g.codefresh.io.,suffix
plot.ly.,suffix
dellemc.com.,suffix
flynn.io.,suffix
gohugo.io.,suffix
engineering.canceriq.com.,suffix
specialist.canceriq.com.,suffix
login.canceriq.com.,suffix
navigator.canceriq.com.,suffix
secure.php.net.,suffix
ca.com.,suffix
install.avcdn.net.,suffix
download.ccleaner.com.,suffix
avast.com.,suffix
sandisk.com.,suffix
toptal.com.,suffix
epayments.com.,suffix
gcping.com.,suffix
forticlient.com.,suffix
getambassador.io.,suffix
konghq.com.,suffix
istio.io.,suffix
freshworks.com.,suffix
messagebird.com.,suffix
registry.access.redhat.com.,suffix
pandasecurity.com.,suffix
sophos.com.,suffix
league.com.,suffix
sightmachine.com.,suffix
shujinko.io.,suffix
sysdig.com.,suffix
fluentd.org.,suffix
uber.com.,suffix
m.uber.com.,suffix
ubereats.com.,suffix
auth.uber.com.,suffix
registry.redhat.io.,suffix
aistudio.google.com.,suffix
dnsv1.com.,suffix
edgesuite.net.,suffix
gpubgm.com.,suffix
amsoveasea.com.,suffix
pubgmobile.com.,suffix
ip.sb.,suffix
xboxservices.com.,suffix
vscode-cdn.net.,suffix
msn.com.,suffix
msftncsi.com.,suffix
dockerstatic.com.,suffix
windowsupdate.com.,suffix
asus.com.cn.,suffix
amazontrust.com.,suffix
gamesplanet.com.,suffix
ifconfig.me.,suffix
vscode-unpkg.net.,suffix
grok.com.,suffix
x.ai.,suffix
anthropic.com.,suffix
zamimg.com.,suffix
notebooklm.google.com.,suffix
asana.com.,suffix
tenable.com.,suffix
myfonts.com.,suffix
nxp.com.,suffix
fodev.org.,suffix
mymavenrepo.com.,suffix
regxa.com.,suffix
jsdelivr.net.,suffix
jquery.com.,suffix
unpkg.com.,suffix
exp-tas.com.,suffix
msecnd.net.,suffix
uxcam.com.,suffix
gamepass.com.,suffix
xboxab.com.,suffix
xboxab.net.,suffix
myget.org.,suffix
chatgptonline.net.,suffix
awsstatic.com.,suffix
hetzner.company.,suffix
hetzner.de.,suffix
mintegral.com.,suffix
dlang.org.,suffix
yandex.com.,suffix
bitvision.app.,suffix
wallpaperget.com.,suffix
microblink.com.,suffix
huggingface.co.,suffix
convertio.me.,suffix
ieee.com.,suffix
pytorchlightning.ai.,suffix
ipwhois.app.,suffix
earthengine.google.com.,suffix
tomtom.com.,suffix
exceedlms.com.,suffix
cs50.io.,suffix
cs50.ai.,suffix
cs50.me.,suffix
cs50.dev.,suffix
vscode.dev.,suffix
sites.google.com.,suffix
gvt1.com.,suffix
pdf2go.com.,suffix
netdevgroup.com.,suffix
reality.ai.,suffix
mozilla.net.,suffix
kite.com.,suffix
googletagservices.com.,suffix
jetbrains.space.,suffix
ngrok.com.,suffix
gradle-dn.com.,suffix
debian.org.,suffix
code.videolan.org.,suffix
videolan.org.,suffix
oddrun.ir.,suffix
huawei.com.,suffix
leech.com.,suffix
serverfault.com.,suffix
stackoverflow.com.,suffix
flutter-io.cn.,suffix
freedesktop.org.,suffix
mybridge.co.,suffix
sentry-cdn.com.,suffix
softonic.com.,suffix
pscdn.co.,suffix
en25.com.,suffix
myfonts.net.,suffix
jetbrains.com.,suffix
traviscistatus.com.,suffix
flutterlearn.com.,suffix
cp.maxcdn.com.,suffix
udemycdn.com.,suffix
udemycdn-a.com.,suffix
developer.chrome.com.,suffix
sonatype.org.,suffix
cloudfront.net.,suffix
gitlab-static.net.,suffix
livefyre.com.,suffix
macromedia.com.,suffix
gallery.io.,suffix
centos.org.,suffix
scdn.co.,suffix
serialport.io.,suffix
fluttercrashcourse.com.,suffix
vmcdn.com.,suffix
mouser.com.,suffix
packagesource.com.,suffix
wtfismyip.com.,suffix
unsplash.com.,suffix
coursera-apps.org.,suffix
yarnpkg.com.,suffix
battlecode.org.,suffix
vuetifyjs.com.,suffix
deployer.org.,suffix
alpinelinux.org.,suffix
yajrabox.com.,suffix
webcatalog.app.,suffix
envato.market.,suffix
visualping.io.,suffix
trellocdn.com.,suffix
typoci.com.,suffix
logrocket.com.,suffix
hp.com.,suffix
leafletjs.com.,suffix
ojrq.net.,suffix
xiaomi.com.,suffix
micropyramid.com.,suffix
deno.com.,suffix
minio.io.,suffix
nvcr.io.,suffix
opendev.org.,suffix
pypa.io.,suffix
cirros-cloud.net.,suffix
dashboardpack.com.,suffix
eloqua.com.,suffix
gnome.org.,suffix
lgappstv.com.,suffix
onfastspring.com.,suffix
templatemag.com.,suffix
themepixels.me.,suffix
insomnia.rest.,suffix
axocdn.com.,suffix
dellcdn.com.,suffix
webcatalog.io.,suffix
dartpad.dev.,suffix
js.org.,suffix
openembedded.org.,suffix
kernel.org.,suffix
openembedded.or.,suffix
squarespace.com.,suffix
fastapi.tiangolo.com.,suffix
8xr.io.,suffix
litespeedtech.com.,suffix
buf.build.,suffix
pkg.jenkins.io.,suffix
downloads.arduino.cc.,suffix
askubuntu.com.,suffix
a2zupload.com.,suffix
abuse.ch.,suffix
addthis.com.,suffix
adnxs.com.,suffix
adobess.com.,suffix
adobecc.com.,suffix
adobe.io.,suffix
match.adsrvr.org.,suffix
adsymptotic.com.,suffix
import.aheto.co.,suffix
aksimet.com.,suffix
aliexpress.com.,suffix
altaro.com.,suffix
amazon-adsystem.com.,suffix
amazoon.com.,suffix
developer.android.com.,suffix
angular.io.,suffix
apkpure.com.,suffix
community.appian.com.,suffix
server.arcgisonline.com.,suffix
arenanetworks.com.,suffix
aswpsdkus.com.,suffix
audiorelay.net.,suffix
backup.ninja.,suffix
beinsportsconnect.net.,suffix
beinsportsconnect.tv.,suffix
bidswitch.net.,suffix
binance.com.,suffix
bitly.com.,suffix
blazemeter.com.,suffix
blockchain.info.,suffix
bmc.com.,suffix
js.braintreegateway.com.,suffix
cbs.com.,suffix
radar.cedexis.com.,suffix
m.chiltepin.net.,suffix
developers.chrome.com.,suffix
clarity.ms.,suffix
clear.store.,suffix
app.clickup.com.,suffix
geforce.co.uk.,suffix
codedexchange.com.,suffix
calleapearce.com.au.,suffix
amazonaws.com.cn.,suffix
computernetworkingnotes.com.,suffix
cdn.cookielaw.org.,suffix
cover-addict.com.,suffix
cpuid.com.,suffix
crybit.com.,suffix
track.customer.io.,suffix
cwtv.com.,suffix
cyfe.com.,suffix
dpm.demdex.net.,suffix
demdex.net.,suffix
devops.com.,suffix
digicert.com.,suffix
cloud.digitalocean.com.,suffix
dnsdumpster.com.,suffix
dockerflow.com.,suffix
survey.g.doubleclick.net.,suffix
download-2.xyz.,suffix
driftt.com.,suffix
ea.com.,suffix
ebaystatic.com.,suffix
editorx.com.,suffix
elasticemail.com.,suffix
emc.com.,suffix
engadget.com.,suffix
web-analytics.engagio.com.,suffix
envanto.com.,suffix
envatousercontent.com.,suffix
blog.envoyproxy.io.,suffix
envoyproxy.io.,suffix
deb.etcher.io.,suffix
etsy.com.,suffix
exp.host.,suffix
fastly.io.,suffix
fastly-debug.com.,suffix
fastly-status.com.,suffix
filehippo.net.,suffix
firebase.io.,suffix
fiverrcdn.com.,suffix
freepbx.org.,suffix
geeksforgeeks.org.,suffix
geniusdexchange.com.,suffix
reload.getsentry.net.,suffix
ghcr.io.,suffix
gitbook.com.,suffix
gitconnected.com.,suffix
gitlag.com.,suffix
gitter.im.,suffix
clients5.google.com.,suffix
clients4.google.com.,suffix
clients1.google.com.,suffix
clients3.google.com.,suffix
googlecode.com.,suffix
secure.gravatar.com.,suffix
gravityview.com.,suffix
hackertarget.com.,suffix
hubapi.com.,suffix
icloud.com.,suffix
resources.infosecinstitute.com.,suffix
api-iam.intercom.io.,suffix
intertech.com.,suffix
jaegertracing.io.,suffix
javascript.com.,suffix
jfrog.com.,suffix
code.jquery.com.,suffix
json.org.,suffix
k3s.io.,suffix
katacoda.com.,suffix
kerberos.io.,suffix
kitbash3d.com.,suffix
launchpadcontent.net.,suffix
limetorrents.info.,suffix
lipsum.com.,suffix
live.com.,suffix
loadbalancer.org.,suffix
makeuseof.com.,suffix
markdownguide.org.,suffix
metabase.com.,suffix
milkshake.app.,suffix
api-js.mixpanel.com.,suffix
odr.mookie1.com.,suffix
cdn.mouseflow.com.,suffix
mdn.mozilla.net.,suffix
cdn.mxpnl.com.,suffix
dev.mysql.com.,suffix
namecheap.co.,suffix
netlify.com.,suffix
nowpayments.io.,suffix
npm.org.,suffix
bam.nr-data.net.,suffix
nr-data.net.,suffix
nuget.org.,suffix
nuxtjs.org.,suffix
nvidiagrid.net.,suffix
kb.objectrocket.com.,suffix
ogslb.com.,suffix
okd.io.,suffix
omtrdc.net.,suffix
help.one.com.,suffix
onedrive.com.,suffix
onesignal.net.,suffix
privacyportal.onetrust.com.,suffix
opencontainers.org.,suffix
openwrt.org.,suffix
openx.net.,suffix
cdn-pci.optimizely.com.,suffix
palletsprojects.com.,suffix
paper-hub.com.,suffix
cdn.pdst.fm.,suffix
consumer.pearmill.com.,suffix
cdn.pearmill.com.,suffix
query.petametrics.com.,suffix
pki.goog.,suffix
placeit.net.,suffix
nicev2.placeit.net.,suffix
playstation.net.,suffix
playvig.com.,suffix
portworx.com.,suffix
postman.co.,suffix
getpostman.com.,suffix
pstmn.io.,suffix
profitwell.com.,suffix
reddit.com.,suffix
redhat.io.,suffix
retroarch.com.,suffix
rl-psy.net.,suffix
rlcdn.com.,suffix
intljs.rmtag.com.,suffix
rosehosting.com.,suffix
sanity.io.,suffix
savegyd.com.,suffix
scene7.com.,suffix
scribd.com.,suffix
seoab.io.,suffix
shareappscrack.com.,suffix
sheetsformarketers.com.,suffix
shopenzer.com.,suffix
shubhamdipt.com.,suffix
siftscience.com.,suffix
slack-edge.com.,suffix
a.slack-edge.com.,suffix
smashingmagazine.com.,suffix
smoothwall.com.,suffix
mx-video-player.en.softonic.com.,suffix
softperfect.com.,suffix
soundcloud.com.,suffix
community.spiceworks.com.,suffix
open.spotify.com.,suffix
steamunlocked.net.,suffix
svgsprit.es.,suffix
swagger.io.,suffix
swiftype.com.,suffix
tanzu.io.,suffix
telestax.com.,suffix
tinkerbell.org.,suffix
torrentz2.eu.,suffix
api.treepodia.com.,suffix
partners.tremorhub.com.,suffix
tricksinfo.net.,suffix
trinket-vendor-assets.trinket.io.,suffix
tv-static.net.,suffix
tvcdn.de.,suffix
twimg.com.,suffix
typekit.net.,suffix
connectivity-check.ubuntu.com.,suffix
vaultproject.io.,suffix
vidyard.com.,suffix
vjudge.net.,suffix
vuemastery.com.,suffix
vysor.io.,suffix
webrtc.org.,suffix
cloud.withgoogle.com.,suffix
woocomerce.com.,suffix
woosignal.com.,suffix
cdn.wootric.com.,suffix
worldometers.info.,suffix
wpall.club.,suffix
youidraw.com.,suffix
zeroflux.org.,suffix
s3browser.com.,suffix
clipchamp.com.,suffix
patreon.com.,suffix
jwt.io.,suffix
badssl.com.,suffix
firefox.com.,suffix
elevenlabs.io.,suffix
labs.google.com.,suffix
labs.google.,suffix
workspace.google.com.,suffix
sandbox.google.com.,suffix
goo.gl.,suffix
collectui.com.,suffix
goo.gle.,suffix
discourse-cdn.com.,suffix
red-gate.com.,suffix
rxjs.dev.,suffix
sysinternals.com.,suffix
generativeai.google.,suffix
makersuite.google.com.,suffix
api.snapcraft.io.,suffix
vsdebugger.azureedge.net.,suffix
electron.build.,suffix
cloudconvert.com.,suffix
gradio.app.,suffix
netlify.app.,suffix
dl-cdn.alpinelinux.org.,suffix
truenas.com.,suffix
ixsystems.com.,suffix
vjs.zencdn.net.,suffix
materialdesignicons.com.,suffix
idx.dev.,suffix
ossec.net.,suffix
cvedetails.com.,suffix
westerndigital.com.,suffix
adata.com.,suffix
pkgs.k8s.io.,suffix
you.com.,suffix
stytch.com.,suffix
appsflyer.com.,suffix
public.ecr.aws.,suffix
bing.com.,suffix
ultralytics.com.,suffix
roboflow.com.,suffix
stable.api.dartpad.dev.,suffix
rockylinux.org.,suffix
issabel.org.,suffix
issabel.com.,suffix
oaistatic.com.,suffix
d2iks1dkcwqcbx.cloudfront.net.,suffix
soundcore.com.,suffix
anker.com.,suffix
veritas.com.,suffix
notebooklm.google.,suffix
google.dev.,suffix
chatgot.io.,suffix
windows.net.,suffix
commoncrawl.org.,suffix
bluestacks.com.,suffix
blender.org.,suffix
meta.com.,suffix
llamameta.net.,suffix
anaconda.com.,suffix
conda.io.,suffix
sketchfab.com.,suffix
true-vfx.xyz.,suffix
opencv.org.,suffix
nessus.org.,suffix
zenarmor.com.,suffix
parceljs.org.,suffix
checkmk.com.,suffix
alkaidvision.com.,suffix
remini.ai.,suffix
usercentrics.eu.,suffix
recruitee.com.,suffix
paloaltonetworks.com.,suffix
oaiusercontent.com.,suffix
qualcomm.com.,suffix
radix-ui.com.,suffix
antal.ai.,suffix
angular.dev.,suffix
elstc.co.,suffix
elastic.dev.,suffix
kali.org.,suffix
kali.download.,suffix
talosintelligence.com.,suffix
snort.org.,suffix
suricata.io.,suffix
smartertools.com.,suffix
v0.dev.,suffix
mistral.ai.,suffix
deepinfra.com.,suffix
sora.com.,suffix
ollama.com.,suffix
flux.ai.,suffix
zapier.com.,suffix
mtalk.google.com.,suffix
alt8-mtalk.google.com.,suffix
api.github.com.,suffix
education.github.com.,suffix
run.app.,suffix
googleapis.com.,suffix
playstation.com.,suffix
online-fix.me.,suffix
githubcopilot.com.,suffix
valve.net.,suffix
steamstatic.com.,suffix
steampowered.com.,suffix
steamcommunity.com.,suffix
myteamspeak.com.,suffix
teamspeak.com.,suffix
battleye.com.,suffix
riotgames.com.,suffix
riotcdn.net.,suffix
pvp.net.,suffix
rgpub.io.,suffix
riotcdn.com.,suffix
riotgames.es.,suffix
playvalorant.com.,suffix
callofduty.com.,suffix
demonware.net.,suffix
ajemjournal.com.,suffix
tracktik.com.,suffix
sleepjunkies.com.,suffix
emedco.com.,suffix
fanucci.it.,suffix
gdrvowners.com.,suffix
countrycross.sk.,suffix
atolyestone.com.,suffix
hawkfanatic.com.,suffix
redgold.com.,suffix
thefabricator.com.,suffix
ipsoft.com.,suffix
ypsitownship.org.,suffix
bestjobs.eu.,suffix
8800-bet.com.,suffix
bk-pinco.ru.,suffix
elitelawyer.com.,suffix
ecomdash.com.,suffix
escortradar.com.,suffix
zktecousa.com.,suffix
ftpf.org.,suffix
liputan6.com.,suffix
agrian.com.,suffix
ubaenseimpressos.com.br.,suffix
arkwildlife.co.uk.,suffix
coolhorse.com.,suffix
nemchuaotdo.com.,suffix
gardensofthesun.com.,suffix
pari-match-in.com.,suffix
pensionbee.com.,suffix
sega-dreamcast-info-games-preservation.com.,suffix
southernlabware.com.,suffix
airbnb.it.,suffix
poundametre.com.,suffix
orleanshistoricalsociety.org.,suffix
bose.cn.,suffix
xn---116-93d3ap.xn--p1ai.,suffix
purebread.ca.,suffix
tr-pin-up-casino.com.,suffix
mtvanhoevenberg.com.,suffix
tonercity.com.au.,suffix
nnlightsbookheaven.com.,suffix
mebiebaby.com.,suffix
doctorly.org.,suffix
idni.org.,suffix
pasionaria.com.ar.,suffix
lebanon-express.com.,suffix
tigren.com.,suffix
royaloffice.th.,suffix
usalocator.org.,suffix
kncbeauty.com.,suffix
geekglam.net.,suffix
123bclub66.com.,suffix
jacobandco.shop.,suffix
coopers.com.au.,suffix
besthealthmag.ca.,suffix
radpowerbikes.com.,suffix
ladowntownnews.com.,suffix
kairfashion.com.,suffix
ingeoexpert.com.,suffix
vapor.com.,suffix
mymoinfo.com.,suffix
sfdc.co.,suffix
fatemag.com.,suffix
alloddsbook.com.,suffix
eberlestock.com.,suffix
wiroos.com.,suffix
heldref.org.,suffix
globegazette.com.,suffix
wegift.io.,suffix
180smoke.ca.,suffix
bajulrowo.one.,suffix
cesufestivals.com.,suffix
boatgurus.io.,suffix
lagunabeachtextileco.com.,suffix
leadinglady.com.,suffix
easyjet.com.,suffix
daylunalife.com.,suffix
mots-croises.ch.,suffix
stroybaza-new.ru.,suffix
kaplanpathways.com.,suffix
russellathletic.com.,suffix
immortalromanceslots.org.,suffix
cambridgelms.org.,suffix
honeyplaybox.com.,suffix
atlantic.fo.,suffix
tomboyx.com.,suffix
linor.com.,suffix
equus.co.uk.,suffix
rebornrags.co.uk.,suffix
fortheloveofgrad.com.,suffix
chiccoutureonline.com.,suffix
nemanet.org.,suffix
seviercountytn.org.,suffix
cfrperformance.com.,suffix
dogsy.co.uk.,suffix
kurand.jp.,suffix
wopsterscloset.com.,suffix
duncker-humblot.de.,suffix
weareams.com.,suffix
lazybearsf.com.,suffix
asap-supplies.com.,suffix
oetker.de.,suffix
wineindustryinsight.com.,suffix
amplenote.com.,suffix
verkkokauppa.com.,suffix
stb.ua.,suffix
zenpayroll.com.,suffix
unicureindia.com.,suffix
footlocker.ae.,suffix
kotogadang-pusako.com.,suffix
formulaswiss.com.,suffix
chessmaxacademy.com.,suffix
searates.com.,suffix
colby.edu.,suffix
barcodediscount.com.,suffix
penguin.com.,suffix
elo.com.,suffix
zingtree.com.,suffix
bellahijabs.com.,suffix
nursingce.com.,suffix
bambuhome.com.,suffix
jewelove.in.,suffix
liantis.be.,suffix
riversidehall.org.,suffix
historicmapworks.com.,suffix
cardpaymentoptions.com.,suffix
boulderingcomps.com.,suffix
rallybound.com.,suffix
keengamer.com.,suffix
mastermoz.com.,suffix
monogramcompany.com.,suffix
meninkilts.com.,suffix
trycaviar.com.,suffix
campingforfoodies.com.,suffix
houstonballet.org.,suffix
chattyfeet.com.,suffix
moralis.com.,suffix
pelicans.fi.,suffix
americanfarriers.org.,suffix
energiavirasto.fi.,suffix
betterblock.org.,suffix
mobilbahis.one.,suffix
hobiesurfshop.com.,suffix
lanakk.com.,suffix
microryza.com.,suffix
unothegateway.com.,suffix
hotelbusiness.com.,suffix
homecentre.com.,suffix
greenlee.com.,suffix
basil.nl.,suffix
fesselmenfirearms.com.,suffix
posh.vip.,suffix
pricebaba.com.,suffix
fashionvibes.net.,suffix
luxunaire.co.uk.,suffix
thrombosisadviser.com.,suffix
mysynchrony.com.,suffix
nicerx.com.,suffix
independer.nl.,suffix
findamasters.com.,suffix
willowbayaustralia.com.,suffix
mostbetuzplay.com.,suffix
apothic.com.,suffix
infd.edu.ar.,suffix
pandawin7.com.,suffix
oxxio.nl.,suffix
coop.org.,suffix
mmreality.cz.,suffix
scnylegislature.us.,suffix
plinko-apk.in.,suffix
pipersfarm.com.,suffix
matadorequipment.com.,suffix
biciamoreshop.com.,suffix
historicaldis.ru.,suffix
shebazaar.com.,suffix
landal.de.,suffix
draytek.com.tw.,suffix
thejnotes.com.,suffix
enpi-info.eu.,suffix
retrogamestar.com.,suffix
schreiber-netzwerk.eu.,suffix
mobilehomepartsstore.com.,suffix
thecheesegeek.com.,suffix
ironandresin.com.,suffix
garbagedomain.com.,suffix
acaia.co.,suffix
sultangames.com.,suffix
mundoplus.tv.,suffix
puroclean.com.,suffix
citeworld.com.,suffix
aedo.org.br.,suffix
pin-up-bet-casinoonline.com.,suffix
milkandhoneycoffeehouses.com.,suffix
aesociety.org.,suffix
romanlabel.com.,suffix
lostgolfballs.com.,suffix
cosanti.com.,suffix
zbirna.com.,suffix
pokemonmasters-game.com.,suffix
piie.com.,suffix
marylandheights.com.,suffix
blablacar.com.br.,suffix
knigoboz.ru.,suffix
thenewcraftmaker.com.,suffix
shoprollingloud.com.,suffix
naniwatourist.jp.,suffix
cafeterosviajeros.es.,suffix
townofdeweybeach.com.,suffix
backstageoriginals.com.,suffix
secumd.org.,suffix
zed.run.,suffix
meine-landausfluege.de.,suffix
prokabaddi.com.,suffix
springwise.com.,suffix
worldsfamousphotos.com.,suffix
tatasteel.com.,suffix
esquinanyc.com.,suffix
whiteflowerfarm.com.,suffix
mila4u.com.,suffix
robertdyas.co.uk.,suffix
camp-california.com.,suffix
tilecloud.com.au.,suffix
packer.edu.,suffix
virtustream.com.,suffix
potatohead.co.,suffix
enzoclothingstore.com.,suffix
cyan-teak-furniture.com.,suffix
bravodeal.com.,suffix
macysinc.com.,suffix
talaera.com.,suffix
mealplanningmommies.com.,suffix
surveyjunkie.com.,suffix
sundried.com.,suffix
aetnaseniorproducts.com.,suffix
blueprint.com.,suffix
fireworks.com.,suffix
hufworldwide.co.uk.,suffix
om.fi.,suffix
ohneoasiscasino-main.com.,suffix
cisalfasport.it.,suffix
martinboot.com.,suffix
igbnorthamerica.com.,suffix
kelashartanah.my.,suffix
twinbrooksgardens.com.,suffix
uniquesmokeshop.com.,suffix
vtwonen.nl.,suffix
hbhorsewear.com.au.,suffix
reinsw.com.au.,suffix
rdforum.org.,suffix
investcanada.ca.,suffix
topdoek.nl.,suffix
pietzoomers.com.,suffix
wanderingbearcoffee.com.,suffix
commissionaires.ca.,suffix
designfesta.com.,suffix
drkellyann.com.,suffix
jinenstore.com.,suffix
fitssock.com.,suffix
pushbulletusercontent.com.,suffix
allfreecrochet.com.,suffix
patrongrill.com.,suffix
teapigs.co.uk.,suffix
realdildos.com.,suffix
labellefoundation.org.,suffix
newbalance.eu.,suffix
visitvenezia.eu.,suffix
mastercard.it.,suffix
yslbeauty.ca.,suffix
hayagi.com.,suffix
newteachercenter.org.,suffix
belindainternational.com.,suffix
charlotte.com.,suffix
bigwalldecor.com.,suffix
scorebar.com.,suffix
grappleguardsoap.com.,suffix
hhs.gov.,suffix
toysforbigboys.com.,suffix
bestmaterials.com.,suffix
gardenforwildlife.com.,suffix
2-clicks-coins.com.,suffix
hoturls.info.,suffix
coeursports.com.,suffix
wuppertal-total.de.,suffix
bebemoda.co.uk.,suffix
neversummer.com.,suffix
sunlightmtn.com.,suffix
autopunditz.com.,suffix
energytradeaction.org.,suffix
just-eat.dk.,suffix
angusrobertson.com.au.,suffix
blendofbites.com.,suffix
undergroundlighting.com.,suffix
pawsomecouture.com.,suffix
wiztopic.com.,suffix
bonia.com.,suffix
quokka.com.,suffix
sahirajewelrydesign.com.,suffix
gordiehoweinternationalbridge.com.,suffix
flymacarthur.com.,suffix
findinghomefarms.com.,suffix
rma-trmc.org.,suffix
aaprco.com.,suffix
gojerusalem.com.,suffix
suitechild.com.,suffix
passengermusic.com.,suffix
maeree.com.,suffix
cocoalife.org.,suffix
jabra.com.,suffix
sheffieldforum.co.uk.,suffix
clawhammersupply.com.,suffix
editorafi.org.,suffix
showmecables.com.,suffix
herbsguide.net.,suffix
telummedia.com.,suffix
thatconference.com.,suffix
uniquindio.edu.co.,suffix
psychhub.com.,suffix
woodturner.org.,suffix
suitedash.com.,suffix
toolswarehouse.com.au.,suffix
meganleary.com.,suffix
yaiskitchen.com.,suffix
yapily.com.,suffix
pure-bike.co.uk.,suffix
lexch.com.,suffix
shitthatiknit.com.,suffix
bakhtarnews.af.,suffix
ro-verdecasyno.com.,suffix
loylecarner.com.,suffix
bestforandroid.com.,suffix
toys2discover.com.,suffix
lakewayresortandspa.com.,suffix
venezianocoffee.com.au.,suffix
chabottengineering.com.,suffix
aumfidelity.com.,suffix
integralgroup.com.,suffix
hqmix.com.br.,suffix
chooseyourvenue.com.,suffix
xn--4dbcyzi5a.com.,suffix
hostinger.nl.,suffix
hauteshoes.ca.,suffix
newwavemagazine.com.,suffix
yorkregion.com.,suffix
rompetrol.ro.,suffix
popternative.com.,suffix
masoz.net.,suffix
henrymayo.com.,suffix
independentreserve.com.,suffix
petitpan.com.,suffix
anticafarmacista.com.,suffix
holabeew.com.,suffix
my918mega.com.,suffix
wb.com.,suffix
shoplazypants.com.,suffix
centinelafeed.com.,suffix
thetouchx.com.,suffix
cooganlondon.com.,suffix
metalsdepot.com.,suffix
healthrangerstore.com.,suffix
scottycameron.com.,suffix
aicr.org.,suffix
pinkivyshoes.net.,suffix
accp.com.,suffix
outgo.com.br.,suffix
faradayskitchenstore.com.,suffix
jayboymodz.com.,suffix
ruspowerman.ru.,suffix
clevelandgolf.com.,suffix
brentwoodca.gov.,suffix
llrmi.com.,suffix
collive.com.,suffix
entertimeonline.com.,suffix
shorte.st.,suffix
aleluyabcn.com.,suffix
institutoidv.org.,suffix
news.pn.,suffix
poppyandsageco.com.,suffix
killerspin.com.,suffix
spigotmc.org.,suffix
cscmp.org.,suffix
br-gameaviator.com.,suffix
solecentral.com.au.,suffix
jeffersoncountywi.gov.,suffix
mactools.com.,suffix
favecrafts.com.,suffix
stjosephmuseum.org.,suffix
1xbetmobil1.com.,suffix
vistaprint.nl.,suffix
coneyislandfunguide.com.,suffix
shopdunkin.com.,suffix
auroragov.org.,suffix
viedeparents.ca.,suffix
dundalkfc.com.,suffix
tobewornagain.com.,suffix
housesandparties.com.,suffix
premierbodyarmor.com.,suffix
practicalperfectionut.com.,suffix
seattlegoodwill.org.,suffix
mypanier.com.,suffix
sae.digital.,suffix
skor.nl.,suffix
cialisfstdelvri.com.,suffix
mroyun.one.,suffix
shooos.ro.,suffix
utahskigear.com.,suffix
manitobah.ca.,suffix
junkbrands.com.,suffix
secureproductswiki.com.,suffix
ethernodes.org.,suffix
iev.aero.,suffix
toccotoscano.com.,suffix
pkkb.ac.id.,suffix
beamtx.com.,suffix
vorticwatches.com.,suffix
ryanhoover.me.,suffix
metier.com.,suffix
seubet-br.com.,suffix
thehealthyfoodie.com.,suffix
ticketland.ru.,suffix
pbr.co.uk.,suffix
reliablecorporation.com.,suffix
techwatch.co.uk.,suffix
cokhinganhin.com.,suffix
gitman.com.,suffix
clkbank.com.,suffix
schd.ws.,suffix
iconbazaar.com.,suffix
aviator.co.,suffix
new10.com.,suffix
zblcdj.com.,suffix
lstc.com.,suffix
ivans.com.,suffix
drewbinsky.com.,suffix
rumsonnj.gov.,suffix
frenchbull.com.,suffix
gamrfirst.ch.,suffix
gtmoriginal.com.,suffix
codepal.ai.,suffix
dueruote.it.,suffix
bareknuckletattooandbarbershop.com.,suffix
peaksrecovery.com.,suffix
newportvineyards.com.,suffix
phlur.com.,suffix
chatgptfree.ai.,suffix
magiccars.com.,suffix
yunnankitchen.com.,suffix
ce4less.com.,suffix
retrotainmentgames.com.,suffix
boucheron.com.,suffix
daaz.com.,suffix
verwarminghandel.nl.,suffix
primopdf.com.,suffix
electricmirror.com.,suffix
destinythegame.com.,suffix
widyatama.ac.id.,suffix
zakaz-buketa.ru.,suffix
arcticgardens.ca.,suffix
solocal.com.,suffix
republic.co.,suffix
molloyhs.org.,suffix
bitstamp.net.,suffix
hawaiithreads.com.,suffix
pafijawatengah.org.,suffix
everysaving.ae.,suffix
teespring.com.,suffix
docnc.org.,suffix
astctjournal.org.,suffix
senat.pl.,suffix
flyhomes.com.,suffix
shoetree.io.,suffix
scienceblog.com.,suffix
halototoslot.foundation.,suffix
oxygenetix.com.,suffix
crazytime-apk.com.,suffix
fireflyfriends.com.,suffix
patchi.com.,suffix
catholicexchange.com.,suffix
iampsychiatry.com.,suffix
game.co.uk.,suffix
toolbox.com.,suffix
pinupbet-uz.com.,suffix
ekahau.com.,suffix
peelorange.com.,suffix
download-app-pinup.ru.,suffix
tartepink.com.,suffix
point3gear.com.,suffix
yellowbustours.com.,suffix
1xbet-skachat-mobile.ru.,suffix
serpent-shop.com.,suffix
taskrabbit.com.,suffix
iahsaa.org.,suffix
flygresor.se.,suffix
alisadofrancesfrenchsgold.com.,suffix
skylink.cz.,suffix
ohea.org.,suffix
angelrox.com.,suffix
golobos.com.,suffix
mountain-press.com.,suffix
financieraelcorteingles.es.,suffix
revistaveredas.com.br.,suffix
stateline.org.,suffix
bcscschools.org.,suffix
ggbets.co.,suffix
treatments.cf.,suffix
ncsbn.org.,suffix
istanbulescortnet.com.,suffix
defu123.com.,suffix
heartlanepharmacy.com.,suffix
1winstr.com.,suffix
flatmatefinders.com.au.,suffix
thaiwatsadu.com.,suffix
redcliff-nsn.gov.,suffix
kleankanteen.co.uk.,suffix
zilvia.net.,suffix
vapehongkong.com.,suffix
sharepointdiary.com.,suffix
msufcu.org.,suffix
deutschlandcard.de.,suffix
plentyofbikes.com.,suffix
leaddevelop.net.,suffix
buplabs.com.,suffix
primeinc.org.,suffix
osde.com.ar.,suffix
outdoorworlddirect.co.uk.,suffix
probuilds.net.,suffix
harivco.org.,suffix
bulkbuddy.co.,suffix
cyclinic.com.au.,suffix
farmgirlflowers.com.,suffix
greatbendpost.com.,suffix
workboatshow.com.,suffix
kaufleuten.ch.,suffix
cityofgriffin.com.,suffix
payiw.com.,suffix
fixbetgiris.click.,suffix
npg.org.uk.,suffix
boattrader.com.,suffix
naomedical.com.,suffix
iqcent.com.,suffix
stringnthread.com.,suffix
mateeno.co.uk.,suffix
alltheanime.com.,suffix
hemnet.se.,suffix
fryeburgacademy.org.,suffix
aeraenergy.com.,suffix
planprescriber.com.,suffix
prescateamwear.com.,suffix
rangerup.com.,suffix
baltimorejewishlife.com.,suffix
catalystcase.com.,suffix
arcadianews.com.,suffix
fol.nl.,suffix
nvgtn.com.,suffix
mercieruk.co.uk.,suffix
momentum.hu.,suffix
worthavegroup.com.,suffix
lioncountrysafari.com.,suffix
jumpsudbury.ca.,suffix
aadibook.com.,suffix
nextgenmemorials.com.,suffix
onbuy.com.,suffix
redaspenlove.com.,suffix
equaljusticeworks.org.,suffix
studiooneeightynine.com.,suffix
reuter.com.,suffix
kappit.com.,suffix
mrcutout.com.,suffix
britishcornershop.co.uk.,suffix
bernhelmets.com.,suffix
emersonlakepalmer.com.,suffix
cumminsengines.com.,suffix
charitypaws.com.,suffix
4x4at.com.,suffix
fhahoreca.com.,suffix
mykyivregion.com.ua.,suffix
pridesband.com.,suffix
soloyal.co.,suffix
projectals.org.,suffix
dezeenjobs.com.,suffix
metrobankonline.co.uk.,suffix
vystarcu.org.,suffix
360medicalcenters.com.,suffix
burrataandbubbles.com.,suffix
cloudheadgames.com.,suffix
runningfactory.com.,suffix
cannaraycbd.com.,suffix
anphoblacht.com.,suffix
airzena.com.,suffix
scotsmart.com.,suffix
bemaraki.com.,suffix
styxworld.com.,suffix
corsica-ferries.co.uk.,suffix
knowyourteam.com.,suffix
gamenguide.com.,suffix
premium-hausarbeitschreiben.de.,suffix
soosi.co.in.,suffix
adaskor.fun.,suffix
boseapac.com.,suffix
urm.lt.,suffix
placonference.org.,suffix
familyhomeplans.com.,suffix
brubaker-usa.com.,suffix
bertheauxgrandspieds.com.,suffix
dishingdelish.com.,suffix
theinstituteforaddictionstudy.org.,suffix
pdafans.com.,suffix
proz.com.,suffix
malbongolf.com.,suffix
pharmacyonline.foundation.,suffix
rescuefrenchbulldogs.org.,suffix
curbsidecycle.com.,suffix
realpropertymgt.com.,suffix
reclamefolder.nl.,suffix
usserviceanimals.org.,suffix
myiknowchurch.co.uk.,suffix
craftandglory.in.,suffix
artglasssupplies.com.,suffix
anniemos.com.,suffix
littleme.com.my.,suffix
kobi5.com.,suffix
musto.com.,suffix
minimadthings.com.,suffix
davidmiscavige.org.,suffix
pscu.com.,suffix
avendrealouer.fr.,suffix
getjackblack.com.,suffix
opedge.com.,suffix
ytpara.com.,suffix
jenningsbrewery.co.uk.,suffix
jackiepapandrew.com.,suffix
thehouseoflrc.com.,suffix
mandolinrestaurant.com.,suffix
morgandetoi.fr.,suffix
hebergtonserv.com.,suffix
paslaugos.lt.,suffix
ironplanet.com.au.,suffix
parleecycles.com.,suffix
27.ua.,suffix
koio.co.,suffix
boatsandoutboards.co.uk.,suffix
tkt.ge.,suffix
findhomesusa.com.,suffix
bowers-wilkins.com.,suffix
combustibles-gruchy.fr.,suffix
cherishgirl.com.,suffix
akuratgacor.online.,suffix
redboxtools.com.,suffix
engelslogistiek.nl.,suffix
kosas.com.,suffix
productionhub.com.,suffix
sparbote.de.,suffix
loctote.com.,suffix
lawdepot.com.,suffix
ansaldo.cl.,suffix
shaw.ca.,suffix
mogianahc.net.,suffix
nextlevelburger.com.,suffix
asthma.com.,suffix
evscschools.com.,suffix
rideoregonride.com.,suffix
charterhouse-aquatics.com.,suffix
gclubauto.net.,suffix
austinprintings.com.,suffix
pdinsurance.co.nz.,suffix
royalroads.ca.,suffix
deglingos.com.,suffix
yachew.com.,suffix
matt-thorn.com.,suffix
eio.com.,suffix
nccwwh.com.,suffix
and.co.,suffix
spark.ru.,suffix
mosaicfoods.com.,suffix
einstein.br.,suffix
grundysshoes.com.au.,suffix
rehs.com.,suffix
greenwichacademy.org.,suffix
maitreyaproject.org.,suffix
mercadoactual.es.,suffix
isaet.org.,suffix
lisasfamilypizzeria.com.,suffix
luxuryperfume.com.,suffix
kingscross.co.uk.,suffix
penfield.org.,suffix
ebuyer.com.,suffix
topeleven.com.,suffix
helena-arkansas.com.,suffix
boxerproperty.com.,suffix
shamansmarket.com.,suffix
kindredbravely.com.,suffix
justhype.co.uk.,suffix
toy-people.com.,suffix
connoisseurusveg.com.,suffix
medsindoors.com.,suffix
siteminder.com.,suffix
wilsonsautobody.com.,suffix
vince.com.,suffix
sw-soft.com.,suffix
neustarlocaleze.biz.,suffix
skoah.com.,suffix
milimilu.com.,suffix
ifyousayido.com.,suffix
baixxar.com.br.,suffix
instantcard.net.,suffix
canadiensboutique.com.,suffix
cfengine.com.,suffix
bacakoran.co.,suffix
neighborhoods.com.,suffix
manningcartell.com.au.,suffix
pedalclothing.co.,suffix
terrafootwear.ca.,suffix
offitkurman.com.,suffix
rescompros.com.,suffix
techvibes.com.,suffix
snl24.com.,suffix
silklaundry.com.,suffix
adolfodominguez.com.,suffix
goldenbearstore.com.,suffix
ridgeandriver.com.,suffix
mof.gov.ua.,suffix
nana-massage.net.,suffix
espacechristianepeugeot.org.,suffix
wininformant.com.,suffix
klrworld.com.,suffix
bleacherbumcollectibles.com.,suffix
ksmetals.com.,suffix
littlewonderandco.com.,suffix
sspx.org.,suffix
theraband.com.,suffix
jito.network.,suffix
mcadmd.org.,suffix
penza-gorod.ru.,suffix
viridianweapontech.com.,suffix
bremen-tourism.de.,suffix
nigeriapropertycentre.com.,suffix
skoll.me.,suffix
inderscienceonline.com.,suffix
youngwriters.co.uk.,suffix
closedcasketactivities.com.,suffix
coccinelle.nl.,suffix
whollygenes.com.,suffix
rayrickburn.com.,suffix
visamiddleeast.com.,suffix
jurysinns.com.,suffix
paribus.co.,suffix
cheddars.com.,suffix
controlledchaoshair.com.,suffix
joininuk.org.,suffix
dannyda.com.,suffix
charlesjencks.com.,suffix
swisslife.fr.,suffix
footedpajamas.com.,suffix
myislandsubaru.com.,suffix
orlebarbrown.com.,suffix
18590.com.,suffix
fun88kyc.com.,suffix
wyomingwhiskey.com.,suffix
aiha.org.,suffix
wopilo.com.,suffix
s3stores.com.,suffix
1-go-casino.kz.,suffix
clementoni.com.,suffix
simplyheadsets.com.au.,suffix
easternbikes.com.,suffix
recipe-diaries.com.,suffix
kirikomade.com.,suffix
gifting-online.ca.,suffix
leaguelane.com.,suffix
murdermiletours.com.,suffix
plinko-online-italy.com.,suffix
dnaplainfield.com.,suffix
impossible.sg.,suffix
mapgenie.io.,suffix
a-series.net.,suffix
opera-masada.com.,suffix
znanylekarz.pl.,suffix
straw.page.,suffix
friendsparodyontour.com.,suffix
verdecasinos-hu.com.,suffix
demolay.org.,suffix
moshensk.ru.,suffix
chai-research.com.,suffix
jerseysmadeeasy.com.,suffix
krincingemaszerofire.com.,suffix
jansamarth.in.,suffix
carvela.com.,suffix
rosieassoulin.com.,suffix
printzone.com.au.,suffix
bringfido.com.,suffix
earthplaza.jp.,suffix
tennis-point.nl.,suffix
spelamedspelpaus.org.,suffix
coloriageetdessins.com.,suffix
abcprom.com.,suffix
fromanother.ca.,suffix
naplesplayers.org.,suffix
apoteket-online.dk.,suffix
incubate-propagate.com.,suffix
cavhooah.com.,suffix
centrotecnologico.edu.mx.,suffix
heavym.net.,suffix
e-food.gr.,suffix
akaislotplay.org.,suffix
alpakagear.com.,suffix
ttgtmedia.com.,suffix
theme.net.cn.,suffix
nantlisfashion.com.,suffix
boxcloud.com.,suffix
outofthewoods.com.,suffix
ozelkartepetuanakizyurdu.com.,suffix
backbonebmx.com.,suffix
shopstartingate.com.,suffix
emotiva.com.,suffix
nl-casinozondercruks.com.,suffix
solinftec.com.,suffix
helveticalifestyle.com.,suffix
bipartisanpolicy.org.,suffix
domario.ru.,suffix
ectorcountyisd.org.,suffix
yalwa.nl.,suffix
igkhair.com.,suffix
usharbors.com.,suffix
burtonmi.gov.,suffix
hgsplyco.com.,suffix
pinup-casino-24.com.,suffix
daypassapp.com.,suffix
nexusductservice.com.,suffix
creg.gov.co.,suffix
divoom.com.,suffix
mirenesse.com.,suffix
saudebusiness.com.,suffix
pogoplug.com.,suffix
959watd.com.,suffix
gotomeeting.com.,suffix
enter.online.,suffix
rediscoveredfamilies.com.,suffix
maritimeaquarium.org.,suffix
layawayau.com.,suffix
niceoo.com.,suffix
yutasan.co.,suffix
northumberlandnews.com.,suffix
bike-science.com.,suffix
aramco.com.,suffix
imtra.com.,suffix
londonluggage.co.uk.,suffix
karlkani.com.,suffix
aromas.es.,suffix
keypowersports.my.,suffix
gstyleusa.com.,suffix
unionbay.com.,suffix
autopawnohio.com.,suffix
jestbahis.one.,suffix
plantbasedonabudget.com.,suffix
kumioils.com.,suffix
fpdownload.macromedia.com.,suffix
griiham.in.,suffix
elamerican.com.,suffix
smartmobilityworld.net.,suffix
digital.nhs.uk.,suffix
pureparima.com.,suffix
sdmo-info.ru.,suffix
dsfo.de.,suffix
inapp.gov.it.,suffix
parthenonfoods.com.,suffix
jiuzhenhao.com.,suffix
puckhcky.com.,suffix
nudieglow.com.,suffix
goodnet.gr.,suffix
immuniweb.com.,suffix
tk88.rodeo.,suffix
trifield.com.,suffix
journeycheck.com.,suffix
merchantos.com.,suffix
xtrafondos.com.,suffix
sfaa.org.,suffix
qvb.com.au.,suffix
bola-88.fun.,suffix
mcxindia.com.,suffix
leket.org.,suffix
kidsgrowth.com.,suffix
clarins.ca.,suffix
mostbetonline.pk.,suffix
nailberry.co.uk.,suffix
novipnoad.net.,suffix
amuse.com.,suffix
knowledge.ca.,suffix
bigfeetpjs.com.,suffix
smfgindiacredit.com.,suffix
iomtt.com.,suffix
germany2006.tv.,suffix
umamimart.com.,suffix
springnaturalkitchen.com.,suffix
bolvaint.com.,suffix
jcehepatology.com.,suffix
totohot.net.,suffix
heraldpalladium.com.,suffix
lebrusanstudio.com.,suffix
clinicasantamaria.cl.,suffix
mysisterscloset.com.,suffix
mambiznes.pl.,suffix
sociablelabs.com.,suffix
combohr.com.,suffix
on2url.com.,suffix
enjukuracing.com.,suffix
colegiodelabici.edu.co.,suffix
trubrain.com.,suffix
adkad.com.,suffix
1xbetmorocco1.com.,suffix
tribuneindia.com.,suffix
takoutny.com.,suffix
skinpixel.co.uk.,suffix
texashillcountryoliveco.com.,suffix
ocalafl.gov.,suffix
fridaysforfuturebrasil.org.,suffix
nichibei.org.,suffix
betandyoutr.com.,suffix
picknweight.de.,suffix
dmww.com.,suffix
mypersonaltrainerwebsite.com.,suffix
parkimeter.com.,suffix
tribunedelyon.fr.,suffix
shoparteresalynn.com.,suffix
p3campus.com.,suffix
dafi.pl.,suffix
undelucram.ro.,suffix
catherines.com.,suffix
artradarjournal.com.,suffix
zzhrx.com.,suffix
sujajuice.com.,suffix
sthb.ac.id.,suffix
rarespecies.org.,suffix
ebay.us.,suffix
renovationreserve.com.,suffix
mohitgoyal.co.,suffix
beatboxbeverages.com.,suffix
sanlorenzohawaii.com.,suffix
dogobooks.com.,suffix
goforthgoods.com.,suffix
shelfies.com.,suffix
sloth.gr.jp.,suffix
dwtn.nl.,suffix
visitcripplecreek.com.,suffix
1win-apk-azerbaycan-yukle.com.,suffix
spplus.com.,suffix
joe.co.uk.,suffix
cookingchatfood.com.,suffix
goodordering.com.,suffix
kinderfonds.nl.,suffix
lorettochapel.com.,suffix
sailblogs.com.,suffix
ukrweekly.com.,suffix
purplle.com.,suffix
maddogsdoc.com.,suffix
mercadolivre.com.,suffix
mytoque.com.,suffix
bas-ip.ru.,suffix
feedz.com.br.,suffix
washtimes.com.,suffix
betragiris.icu.,suffix
riocokidswear.com.,suffix
vonage.co.uk.,suffix
electrickicks.com.au.,suffix
tradera.se.,suffix
hardwareportal.ru.,suffix
segashop.co.uk.,suffix
pyramidhill.org.,suffix
freemius.com.,suffix
casinoslot.icu.,suffix
revvity.com.,suffix
vinfast.vn.,suffix
pitcrew.nz.,suffix
aappublications.org.,suffix
vinesse.com.,suffix
risco.ro.,suffix
mrpennarak.com.,suffix
huemor.rocks.,suffix
giris-mariobet.com.,suffix
amorequi.net.,suffix
level1productions.com.,suffix
bronto.com.,suffix
smashinn.com.,suffix
dioceseduluth.org.,suffix
nativecos.com.,suffix
sootthaengball.com.,suffix
fnmgroup.it.,suffix
monaco-chicago.com.,suffix
ambbets.com.,suffix
lrmer.com.,suffix
famousinreal.life.,suffix
gud2know.com.,suffix
weui.io.,suffix
mdnr-elicense.com.,suffix
paperpumpkin.com.,suffix
wbc247-kor.com.,suffix
businesssupporting.com.,suffix
homesteadsupplier.com.,suffix
elemis.com.,suffix
theraggedpriest.com.,suffix
pasionrojagt.com.,suffix
icitech.org.,suffix
thepixelfarm.co.uk.,suffix
martinhajek.com.,suffix
plasticsconverters.eu.,suffix
scootle.edu.au.,suffix
nyac.org.,suffix
busbyandfox.com.,suffix
tarbut.edu.mx.,suffix
swiftbook.io.,suffix
localgirlhookup.org.,suffix
skillfulteaching.com.,suffix
budapestmarkethall.com.,suffix
1xbetbangladesh.click.,suffix
sdkells.co.uk.,suffix
lnm.lt.,suffix
japannext.com.,suffix
daytonastate.edu.,suffix
fayetteville-ga.gov.,suffix
ebay.ca.,suffix
unltd.ca.,suffix
usakilts.com.,suffix
teemill.com.,suffix
ajo.com.,suffix
fishersci.se.,suffix
jcwesternwear.com.,suffix
casaamore-international.com.,suffix
webulk.bio.,suffix
regalresolutionteam.com.,suffix
maltajobs.com.mt.,suffix
xn--megsb-l11b.com.,suffix
bike-treks.co.uk.,suffix
bedavaslotoyunlarioyna1.com.,suffix
jornaldeuberaba.com.br.,suffix
nccaom.org.,suffix
kentcasino-slots.ru.,suffix
affordabledentures.com.,suffix
ideal-house.ru.,suffix
top-australian-casinos.com.,suffix
cheekyrascals.co.uk.,suffix
eatbobos.com.,suffix
supplychaindigital.com.,suffix
thecliffbarbados.com.,suffix
gillcapital.com.sg.,suffix
fatboy.com.,suffix
aromaexclusive.com.,suffix
quantockhills.com.,suffix
laprensani.com.,suffix
franklinplanner.com.,suffix
arcanefox.com.,suffix
esure.com.,suffix
americandreamnutbutter.com.,suffix
daynoimi.net.,suffix
ruby-chen.com.,suffix
lc.org.,suffix
dfsa.ae.,suffix
ebrosia.de.,suffix
cellosolartv.com.,suffix
makeandtell.com.,suffix
temeculablogs.com.,suffix
peterglenn.com.,suffix
babyonline.co.nz.,suffix
proofreadingservices.com.,suffix
screendigest.com.,suffix
cougarpaws.com.,suffix
bitscrunch.com.,suffix
peoplelooker.com.,suffix
heritagestore.com.,suffix
ariadneathome.nl.,suffix
peru-retail.com.,suffix
sabrinascloset.com.,suffix
mostbetuzbekiston.com.,suffix
casinos-argentino.com.,suffix
giro.com.,suffix
jokerscostumemegastore.com.au.,suffix
toyshine.in.,suffix
caribfind.tel.,suffix
tamankawan.site.,suffix
hostinger.ae.,suffix
veracityglobal.com.,suffix
carlyna.com.,suffix
kaidan136.com.,suffix
chargriller.com.,suffix
barrett-jackson.com.,suffix
reluctanttrading.com.,suffix
killerstartups.com.,suffix
flvetbehavior.com.,suffix
mostbetuzoyin.com.,suffix
divinechocolateusa.com.,suffix
tambet.sbs.,suffix
happytailpuppies.com.,suffix
nxnews.net.,suffix
routeone.net.,suffix
getcruise.com.,suffix
theboxsf.com.,suffix
fifaindex.com.,suffix
twohandspaperie.com.,suffix
hititbetgiris.xyz.,suffix
bklyn-genealogy-info.com.,suffix
nova24tv.si.,suffix
smalofts.co.uk.,suffix
ymcahonolulu.org.,suffix
ebora.nl.,suffix
cmdvn.cn.,suffix
logomark.com.,suffix
milka.fr.,suffix
webm2.dk.,suffix
pmo.gov.bb.,suffix
thehawaiistore.com.,suffix
hmmyok.com.,suffix
eldoradofurniture.com.,suffix
trailcampro.com.,suffix
williamsondailynews.com.,suffix
shoefad.com.,suffix
warmrooms.co.uk.,suffix
house.pl.,suffix
thestationerystudio.com.,suffix
activityconnection.com.,suffix
bountifulbaby.com.,suffix
gavereleather.net.,suffix
tstindustries.com.,suffix
postalannex.com.,suffix
southelgin.com.,suffix
socalhomebuyers.com.,suffix
fantasyflightgames.com.,suffix
asaucykitchen.com.,suffix
polymaker.com.,suffix
palmangels.com.,suffix
imon.net.,suffix
audiobooks.co.uk.,suffix
robaxin.lol.,suffix
enjoylifefoods.com.,suffix
njgamblingsites.com.,suffix
ilsr.org.,suffix
dankmemer.lol.,suffix
channelclassics.com.,suffix
nestlingkids.com.,suffix
huarenjie.net.,suffix
heckofalope.com.,suffix
avalonbreads.net.,suffix
progulkipomoskve.ru.,suffix
yde.co.za.,suffix
jiligame.in.,suffix
leetchi.com.,suffix
ambev.com.br.,suffix
wildhornoutfitters.com.,suffix
haphong.edu.vn.,suffix
coladaily.com.,suffix
greenmountaindiapers.com.,suffix
eesystem.com.,suffix
rinabet.click.,suffix
clothedwithtruth.com.,suffix
foreignaffairs.gov.mt.,suffix
edelmanfinancialengines.com.,suffix
monkeyleague.io.,suffix
shopsector.com.,suffix
career.org.,suffix
scalefunder.com.,suffix
onecondoms.com.,suffix
paradigmadigital.com.,suffix
lilly.es.,suffix
betti-casino-uk.com.,suffix
jack-wolfskin.de.,suffix
canvas4everyone.com.,suffix
goeuro.com.,suffix
mestergronn.no.,suffix
thingworx.com.,suffix
golfdiscount.com.,suffix
yccteam.com.,suffix
wtaps.com.,suffix
siajewellery.com.,suffix
sundaynews.co.zw.,suffix
milavert.com.,suffix
getmerlin.in.,suffix
disneyinteractive.com.,suffix
nykaafashion.com.,suffix
supplyhouse.com.,suffix
atlantathrashers.com.,suffix
circulodecredito.com.mx.,suffix
niod.com.,suffix
smartone-iptv.com.,suffix
fluchos.es.,suffix
interstateplastics.com.,suffix
digift.sg.,suffix
souman.nl.,suffix
foodbev.cn.,suffix
diymotofix.com.,suffix
nmag.gov.,suffix
employerlawreport.com.,suffix
apextactical.com.,suffix
thestateless.com.,suffix
mbokmu.one.,suffix
peoplescaremedicalsupply.shop.,suffix
bekabet.cfd.,suffix
accutane.one.,suffix
igamingbrazil.com.,suffix
bitchesgirlz.com.,suffix
xchair.com.,suffix
centerard.ru.,suffix
culture21.ru.,suffix
mauidivers.com.,suffix
trotters.co.uk.,suffix
fitness.gov.,suffix
shrimptoncouture.com.,suffix
mbbank.com.vn.,suffix
ebbo.com.,suffix
cracking.org.,suffix
onlinecuteshoes.com.,suffix
crewbikeco.com.,suffix
expomap.ru.,suffix
raq.org.au.,suffix
makeliverpool.com.,suffix
airmeet.com.,suffix
casinolevant.cfd.,suffix
fjallraven.com.au.,suffix
decathlon.it.,suffix
chizhouwenhua.com.,suffix
eurosiz.ua.,suffix
melbet-sportsbook.com.,suffix
visionlab.es.,suffix
shudder.com.,suffix
burnt.com.,suffix
essexkilns.com.,suffix
makerflocrafts.com.,suffix
ttsdschools.org.,suffix
fabet.ink.,suffix
ibankcoin.com.,suffix
bikester.fr.,suffix
calltothepen.com.,suffix
elektrika.ua.,suffix
rinsekit.com.,suffix
paulmilnescycles.com.,suffix
luckyduck-casino-apk.ru.,suffix
archdpdx.org.,suffix
cherishedemblems.com.,suffix
shoelace.com.,suffix
emeraldaircleaners.com.,suffix
eid.gov.mt.,suffix
usbgear.com.,suffix
jbs.org.,suffix
naturesbakery.com.,suffix
consuelastore.com.,suffix
nkh.gov.hu.,suffix
dfndusa.com.,suffix
eventdove.com.,suffix
educaciodigital.cat.,suffix
bulbhead.com.,suffix
xn--80abmambabkk3avmbjkc2qrc.xn--p1ai.,suffix
readywise.com.,suffix
petcube.com.,suffix
hostnine.com.,suffix
coronadoleather.com.,suffix
lacabra.dk.,suffix
zooplus.se.,suffix
everythingfor420.com.,suffix
ko1xbet.com.,suffix
cancersupportcommunity.org.,suffix
chordtela.com.,suffix
chainsawr.com.,suffix
fontkeren.com.,suffix
amerigo.net.,suffix
crazydomains.co.uk.,suffix
wells.pt.,suffix
footlocker.com.eg.,suffix
india1xbet-apk.com.,suffix
thebabysroom.co.,suffix
facetdermatology.com.,suffix
creationinfoplus.com.,suffix
sugarrush-demotr.com.,suffix
virtual-strategy.com.,suffix
infideas.com.,suffix
thepharmakonllc.com.,suffix
roofsquad.com.,suffix
maandhan.in.,suffix
gymnasium4.ru.,suffix
elegantbridal.com.,suffix
orangesherbet.com.au.,suffix
readingglasses.com.,suffix
kidneyregistry.org.,suffix
azdigi.com.,suffix
earthbits.com.,suffix
blocktrade.com.,suffix
runtherock.com.,suffix
mmc33.net.,suffix
proboards100.com.,suffix
bossman.com.,suffix
eigenphi.io.,suffix
perthairport.com.au.,suffix
aip2023.com.,suffix
chelseadogs.com.,suffix
myeg.com.my.,suffix
bathtubginnyc.com.,suffix
dimmakcollection.com.,suffix
petmeds.com.,suffix
8kbets.best.,suffix
menstuxedousa.com.,suffix
hyped.sg.,suffix
acate.com.br.,suffix
yourthreads.co.,suffix
this.ne.jp.,suffix
boulderlocavore.com.,suffix
trustnodes.com.,suffix
pinup-giris-tr.com.,suffix
pauwelsconsulting.com.,suffix
boardroomadventures.com.,suffix
athletic-club.eus.,suffix
omusa.org.,suffix
dinersdriveinsdiveslocations.com.,suffix
esportsparra.com.,suffix
atlantic-cable.com.,suffix
queens-br.com.,suffix
seniorly.com.,suffix
expedia.co.jp.,suffix
atitus.edu.br.,suffix
alliedcycleworks.com.,suffix
l-t.de.,suffix
sactownmag.com.,suffix
meditationmount.org.,suffix
thehour.com.,suffix
kuwinzhz.com.,suffix
sainly.com.,suffix
snowshoemtn.com.,suffix
rubyscafe.com.,suffix
jezelle.com.,suffix
bellaallnatural.com.,suffix
kievcity.gov.ua.,suffix
giftr.sg.,suffix
pinkchicken.com.,suffix
altiusdirectory.com.,suffix
bellpal.com.,suffix
cloudcontrolband.com.,suffix
urbandictionary.store.,suffix
orijen.ca.,suffix
cygnett.com.,suffix
milano-pro-sport.com.,suffix
moonwell.fi.,suffix
ledlichtdiscounter.nl.,suffix
wattstowers.org.,suffix
georgetownma.gov.,suffix
enlineadirecta.info.,suffix
dtek-kem.com.ua.,suffix
johnboos.com.,suffix
proshop.nl.,suffix
arval.com.,suffix
johnbellcroyden.co.uk.,suffix
canterburytales.org.,suffix
broadpeak.tv.,suffix
canadianjournalofophthalmology.ca.,suffix
3dconnexion.com.,suffix
ksbar.org.,suffix
allensboots.com.,suffix
afya.com.br.,suffix
imandra.ai.,suffix
simyo.es.,suffix
blitz.gg.,suffix
quietlight.com.,suffix
suntancity.com.,suffix
nil.store.,suffix
pamelasproducts.com.,suffix
skandia.se.,suffix
1win-kz-casino.kz.,suffix
thisibelieve.org.,suffix
happypuppy.com.,suffix
casinoly.com.,suffix
havecamerawilltravel.com.,suffix
flexdog.com.,suffix
adobike.nl.,suffix
neonmama.com.,suffix
nestlearning.com.,suffix
hotchillys.com.,suffix
holloshoe.com.,suffix
bigrocksupply.com.,suffix
healthybluemedicaid.top.,suffix
sequelquestpod.com.,suffix
ucha.se.,suffix
pencarrie.com.,suffix
simplemodern.com.,suffix
tokei365.org.,suffix
fourwindsgrowers.com.,suffix
apqc.org.,suffix
freeyabb.com.,suffix
booster.com.,suffix
chaserbrand.com.,suffix
holidayme.com.,suffix
blondo.com.,suffix
lauriebelles.com.,suffix
wowtv.de.,suffix
icebarrel.com.,suffix
yodayo.com.,suffix
dumanbetyenigiris.com.,suffix
sip-scootershop.com.,suffix
shoethebear.us.,suffix
sundayswagger.com.,suffix
tennispro.eu.,suffix
matthewkeys.net.,suffix
hemptons.co.za.,suffix
gcyouthministries.org.,suffix
mostbetnorwayonline.com.,suffix
idagent.com.,suffix
digitec.ch.,suffix
jobstreet.com.my.,suffix
jenshansen.com.,suffix
fabianomoratoimoveis.com.br.,suffix
zigzagdigital.com.,suffix
rigidhitch.com.,suffix
ransslot88n.com.,suffix
reply.io.,suffix
shoesfulcrum.com.,suffix
bastrucks.com.,suffix
informaticsjournals.com.,suffix
thesiskiss.com.,suffix
annetouraine.com.,suffix
nordicoil.de.,suffix
tryruby.org.,suffix
mountainmoverz.com.,suffix
houseofharlow1960.com.,suffix
westernsoul.com.,suffix
kaffe-clothing.com.,suffix
gsap.com.,suffix
las.ch.,suffix
tiara.com.sg.,suffix
whileshesleeps.com.,suffix
peaksandpedalsgear.com.,suffix
koop.co.nz.,suffix
ozstraps.com.au.,suffix
benzara.com.,suffix
joannabuchanan.com.,suffix
dusseldorpbmw.nl.,suffix
philwood.com.,suffix
melrosehoteldc.com.,suffix
talesoftavern.com.,suffix
rdale.org.,suffix
paymentexpert.com.,suffix
vastrachowk.com.,suffix
eucasinoutansvensklicens.se.,suffix
nspower.ca.,suffix
news-mostbet-es.com.,suffix
basicslife.com.,suffix
diabetesjournals.org.,suffix
henglianmx.com.,suffix
shefit.com.,suffix
overboardcanada.ca.,suffix
bubbleshare.com.,suffix
thefork.nl.,suffix
reservesupplycompany.com.,suffix
fanbase.com.,suffix
geyanw.com.,suffix
radk.ru.,suffix
mrbet-de.com.,suffix
janesnyderart.com.,suffix
maisonmartinmargiela.com.,suffix
nmaam.org.,suffix
rpxcorp.com.,suffix
mariobet-casinos.com.,suffix
mypamperedlifeseattle.com.,suffix
poochandmutt.co.uk.,suffix
new-line.com.,suffix
airandgracelondon.com.,suffix
ever-eden.com.,suffix
realty.com.,suffix
progearbikes.com.au.,suffix
discover-echo.com.,suffix
electioncenter.org.,suffix
dataguidance.com.,suffix
lilylolo.co.uk.,suffix
mcwcasino.club.,suffix
fb68.technology.,suffix
mostbetaz777.com.,suffix
addtelegrammember.com.,suffix
lifehousemusic.com.,suffix
trainline.eu.,suffix
dolcielondon.com.,suffix
chinacourt.org.,suffix
ensamble.info.,suffix
canadianfeedthechildren.ca.,suffix
gooutside.com.br.,suffix
watchaser.com.,suffix
dreamworksdirect.com.,suffix
engineeredtoslide.com.,suffix
evidenceinvestor.com.,suffix
wildminimalist.com.,suffix
happyandpolly.com.,suffix
flightroutes.com.,suffix
letsignit.com.,suffix
hiexpress.com.,suffix
avacon.de.,suffix
superpro.com.au.,suffix
mamoriginals.com.,suffix
jansport.ca.,suffix
totalmerchantservices.com.,suffix
square.site.,suffix
tappara.fi.,suffix
delas.pt.,suffix
testbericht.de.,suffix
groundworkscompanies.com.,suffix
markmonitor.com.,suffix
strengthwarehouseusa.com.,suffix
ekstraklasa.net.,suffix
qh88wt.com.,suffix
zetcasino.com.,suffix
nestedbean.com.,suffix
avec.fr.,suffix
gamingthelottery.org.,suffix
natureworldnews.com.,suffix
permitsearch.net.,suffix
calottery.com.,suffix
oneblockdown.it.,suffix
utrum.io.,suffix
cens.com.,suffix
balancepro.org.,suffix
gladbachlive.de.,suffix
itsjustwings.com.,suffix
adams-music.com.,suffix
btcprivate.org.,suffix
clicrdv.com.,suffix
catfootwear.com.,suffix
mosinform.ru.,suffix
quorum.us.,suffix
coren-sp.gov.br.,suffix
jobinplanet.com.,suffix
balanceone.com.,suffix
ellesilk.com.,suffix
propertycouncil.com.au.,suffix
payettecounty.org.,suffix
arkansasonline.com.,suffix
campsites.co.uk.,suffix
walkerscelticjewelry.com.,suffix
global14.com.,suffix
leukstetickets.nl.,suffix
uscareerinstitute.edu.,suffix
eleague.com.,suffix
ezclocker.com.,suffix
webershandwick.co.uk.,suffix
ctm.co.za.,suffix
wiimmfi.de.,suffix
thehendersonnews.com.,suffix
adventisthealthcare.com.,suffix
wndygc.com.,suffix
lundhumphries.com.,suffix
jupiterbahis.sbs.,suffix
accuplacer.org.,suffix
helloprenup.com.,suffix
1xbet-skachat-new.ru.,suffix
xdsbikeco.com.,suffix
unex-tech.com.,suffix
sea-ny.com.,suffix
trufflesuite.com.,suffix
premium-akadeule.de.,suffix
dewacsn889.org.,suffix
cratosroyalbet.lat.,suffix
bluecompassrv.com.,suffix
hitraveltales.com.,suffix
lastmilepev.com.,suffix
aboutthedata.com.,suffix
hellofresh.de.,suffix
fortunetiger-game-slot.com.,suffix
cfraresearch.com.,suffix
fispalfoodservice.com.br.,suffix
cctech.edu.,suffix
teamvvv.com.,suffix
relatedargent.co.uk.,suffix
apricotonline.com.,suffix
drgreger.org.,suffix
gmktec.com.,suffix
spicekitchenuk.com.,suffix
vendecommerce.com.,suffix
bookatable.co.uk.,suffix
paranashop.com.br.,suffix
zabars.com.,suffix
explorit.org.,suffix
eyeonearthsummit.org.,suffix
blackfridaydeals.nu.,suffix
vaporboss.com.,suffix
titleist.co.uk.,suffix
mindtools.com.,suffix
perfectloans24.com.,suffix
gaithersburgmd.gov.,suffix
24hourcampfire.com.,suffix
virtus.com.,suffix
caledonenterprise.com.,suffix
idwall.co.,suffix
cervejariacolorado.com.br.,suffix
jackpotbob.com.,suffix
idsi.md.,suffix
advocatehealth.com.,suffix
arkopharma.com.,suffix
thinkib.net.,suffix
westchestermagazine.com.,suffix
smilebox.com.,suffix
alrugaibfurniture.com.,suffix
meyercanada.ca.,suffix
autobarn.com.au.,suffix
glamagalparty.com.,suffix
vivrelejapon.com.,suffix
irobot.ca.,suffix
economiza.com.,suffix
astrogallery.com.,suffix
partidoliberal.org.br.,suffix
heinzketchup.com.,suffix
kinkbmx.com.,suffix
philcoulter.com.,suffix
mollyevelyphotography.com.,suffix
goodwillfinds.com.,suffix
lily-jade.com.,suffix
rainbowroom.com.,suffix
insidersport.com.,suffix
hoteliermiddleeast.com.,suffix
opower.com.,suffix
lacitysan.org.,suffix
winnerssportswear.com.,suffix
adjusterpro.com.,suffix
quidax.io.,suffix
bestvalueschools.org.,suffix
hotspurhq.com.,suffix
eclipsefoods.com.,suffix
yoursurprise.nl.,suffix
funenokagakukan.or.jp.,suffix
moonmagic.com.,suffix
rothschildandco.com.,suffix
fonbet-stavki-apk.ru.,suffix
buybrakes.com.,suffix
territoryfoods.com.,suffix
wildone.com.,suffix
skrewballwhiskey.com.,suffix
sband.org.,suffix
ker.com.,suffix
bernco.gov.,suffix
bestbusinesscoachindia.com.,suffix
quicklane.com.,suffix
anerdcooks.com.,suffix
lacoste.sa.,suffix
leftbank.com.,suffix
filmmodu.nl.,suffix
replicawatches.mx.,suffix
fivem-mods.com.,suffix
tarafbetgiris.click.,suffix
absolutelykona.com.,suffix
davenportiowa.com.,suffix
autossegredos.com.br.,suffix
nettiauto.com.,suffix
lussocitta.com.,suffix
rockaway.com.,suffix
coracoffeeco.com.,suffix
doors.nyc.,suffix
inspirefitness.com.,suffix
hippieshop.com.,suffix
ebay.at.,suffix
a4m.com.,suffix
elitesalondayspa.com.,suffix
snoozeeatery.com.,suffix
avery.nl.,suffix
coyotecafe.com.,suffix
letsmakeaplan.org.,suffix
easyapplianceparts.com.,suffix
grbets.xyz.,suffix
pyrex.eu.,suffix
fully.com.,suffix
tidelift.com.,suffix
changwon-ymassage.com.,suffix
ricici.com.,suffix
spar.hr.,suffix
bikesterglobal.com.,suffix
irdpo.ru.,suffix
brillare.ca.,suffix
onehoneyboutique.com.,suffix
interiorsonline.com.au.,suffix
keepersecurity.com.,suffix
vinegarsyndrome.com.,suffix
sfvbj.com.,suffix
sheetmusicplus.com.,suffix
womaness.com.,suffix
alhoot-palace.com.,suffix
broxap.com.,suffix
porsche-minvody.ru.,suffix
buildertrend.net.,suffix
kolomna-speed-skating.com.,suffix
elevatedfaith.com.,suffix
advocatehealth.org.,suffix
santevia.com.,suffix
atreyurock.com.,suffix
heatonsstores.com.,suffix
detiklink.com.,suffix
dhem-france.com.,suffix
psthc.fr.,suffix
okcoin.com.,suffix
donnaomamma.it.,suffix
bachelorarbeit-schreiben-lassen.com.,suffix
frizzoff.com.,suffix
vikingdirect.ie.,suffix
americanbank.com.,suffix
remoteok.io.,suffix
attacmadrid.org.,suffix
upstate.edu.,suffix
springstepshoes.com.,suffix
stoegerindustries.com.,suffix
iographer.com.,suffix
78winlogin.com.,suffix
darklithorror.com.,suffix
ostrovfantaziy.ru.,suffix
abracon.com.,suffix
steroidesafe.com.,suffix
thebrunswicknews.com.,suffix
classywomencollection.com.,suffix
ecoverdirect.com.,suffix
harleybenton.com.,suffix
rtm.com.,suffix
starsandtarot.com.,suffix
huntoffice.co.uk.,suffix
groceriesapparel.com.,suffix
thmarinesupplies.com.,suffix
nejm.org.,suffix
parallel.life.,suffix
insidetracker.com.,suffix
xpostands.com.,suffix
brawn.co.,suffix
phoebehealth.com.,suffix
earthythailand.com.,suffix
slivoff.com.,suffix
michelinepitt.com.,suffix
up.edu.br.,suffix
gutteridge.com.,suffix
dhammasukha.org.,suffix
online-sports-shop.co.uk.,suffix
lostrivercave.org.,suffix
traversbikes.com.,suffix
newsitem.com.,suffix
sarawakjobs.com.,suffix
lenderhomepage.com.,suffix
haupcar.com.,suffix
thebigdomain.com.,suffix
pecherestaurant.com.,suffix
santafesprings.org.,suffix
capper-league.ru.,suffix
asdowns.com.,suffix
bedavabahis.net.,suffix
bikeriser.com.,suffix
aabany.org.,suffix
luckysmarket.com.,suffix
palladiumboots.fr.,suffix
drleaf.com.,suffix
bigfishroofing.com.,suffix
komodo.co.uk.,suffix
noirfootwear.com.,suffix
boardgamebliss.com.,suffix
podsights.com.,suffix
marloushoes.com.,suffix
makerworld.com.,suffix
myfamilymobile.com.,suffix
mostbettopz.com.,suffix
evolution-house.ru.,suffix
betti-uklogin.com.,suffix
thuisschoonmaken.nl.,suffix
crepmovement.com.,suffix
7uu.net.,suffix
treesofantiquity.com.,suffix
watches.com.,suffix
www.bitgo.uk.,suffix
barokafunerals.co.za.,suffix
heyspin.com.,suffix
autods.com.,suffix
mustangheritagefoundation.org.,suffix
vinos.de.,suffix
idyllwind.com.,suffix
mcguirearmynavy.com.,suffix
casino-bet-pin-up-br.com.,suffix
eddiebauer.com.,suffix
cityofkokomo.org.,suffix
stealth.com.,suffix
livesoccertv.com.,suffix
thepitchkc.com.,suffix
twistintwirlintutus.com.,suffix
jiading.gov.cn.,suffix
denimheads.cz.,suffix
preciouscore.com.,suffix
radleychevrolet.com.,suffix
partstown.com.,suffix
mutebank.co.uk.,suffix
franklincountync.us.,suffix
hellofresh.com.,suffix
fishing.net.nz.,suffix
lethato.com.,suffix
omnilife.com.,suffix
hielscher.com.,suffix
1winbet-giris-tr.com.,suffix
smashtess.com.,suffix
visitcalaveras.org.,suffix
olesmoky.com.,suffix
indianexpress.com.,suffix
soccermanager.com.,suffix
asromafansclub.com.,suffix
kooziegroup.com.,suffix
vchapmanstudio.com.,suffix
prtl.pl.,suffix
hurma.work.,suffix
mymarcopolo.com.,suffix
vulkanvegascasinospiele.com.,suffix
clksupplies.com.,suffix
leveluprn.com.,suffix
pushbikes.co.nz.,suffix
hotmatchcollectables.com.,suffix
meghantelpner.com.,suffix
ctemploymentlawblog.com.,suffix
fragosoturismo.com.,suffix
inez.com.,suffix
cyland.org.,suffix
scr4.co.,suffix
laurageller.com.,suffix
ironphoenix.org.,suffix
ctic.com.,suffix
feinkost-kaefer.de.,suffix
reka.ai.,suffix
runi.ac.il.,suffix
starwars.com.,suffix
novalia.co.uk.,suffix
gputechconf.com.,suffix
sohohouseny.com.,suffix
charterhall.com.au.,suffix
meybod.net.,suffix
vatvostudio.vn.,suffix
chinchillanews.com.au.,suffix
pspl.com.,suffix
parierenbelgique.be.,suffix
azucaricecream.com.,suffix
mtfca.com.,suffix
saintgeorgespreschool.com.,suffix
magicsleepsuit.com.,suffix
mureandgrand.com.,suffix
ggpartners.com.,suffix
casinosonlineslot.fun.,suffix
heil-hvac.com.,suffix
seattlesbest.com.,suffix
1wins-ar.net.,suffix
ourmoneymarket.com.,suffix
governmentresume.org.,suffix
councilfordisabledchildren.org.uk.,suffix
popcast88.com.,suffix
jbalvin.com.,suffix
popfigures.com.,suffix
bfa.com.,suffix
alphabetthemes.com.,suffix
bettiltt.com.,suffix
cityofpacificgrove.org.,suffix
spectrumlaserlights.com.,suffix
patogupirkti.lt.,suffix
groupenovatech.com.,suffix
originalgrain.com.,suffix
cheshuntteamministry.org.uk.,suffix
joyeshop.ru.,suffix
databreaches.net.,suffix
ethique.co.nz.,suffix
academicstudiespress.com.,suffix
kleinboot.com.,suffix
cylex-locale.fr.,suffix
teez.in.,suffix
federale.be.,suffix
piquetea.com.,suffix
meiman29nr.cn.,suffix
olly.com.,suffix
dorianlpg.com.,suffix
olivierlaudus.com.,suffix
mdma.ch.,suffix
topclassactions.com.,suffix
kulfibeauty.com.,suffix
v9betp.vip.,suffix
eggfactorycafe.com.,suffix
thig.com.,suffix
loopme.com.,suffix
ringlead.com.,suffix
countyofriverside.us.,suffix
coleswindell.com.,suffix
readtoto.org.,suffix
eventbrite.fi.,suffix
homezonefurniture.com.,suffix
specsavers.com.,suffix
ksayerdoula.com.,suffix
unrealtournament.com.,suffix
baronionline.it.,suffix
burnsideproject.org.,suffix
rocktape.com.,suffix
arcgisonline.com.,suffix
leon-greek.com.,suffix
gifi.fr.,suffix
hotel-hennef.com.,suffix
shetlandtimes.co.uk.,suffix
stylishtop.com.au.,suffix
gabyfriedman.com.,suffix
newmastersounds.com.,suffix
frankstellanyc.com.,suffix
freebetstake.com.,suffix
gvb.ch.,suffix
atfbank.kz.,suffix
verdemente.com.,suffix
msrgear.com.,suffix
aubinandwills.com.,suffix
effortlessfoodie.com.,suffix
cms.gov.,suffix
shepherd.com.,suffix
sportmaster.dk.,suffix
sv368.consulting.,suffix
revenuquebec.ca.,suffix
core-online.org.,suffix
onebid.pl.,suffix
glassdoor.nl.,suffix
computerwoche.de.,suffix
pomerium.com.,suffix
oneida-nsn.gov.,suffix
suny.edu.,suffix
smtimes.ru.,suffix
beconscioustravels.com.,suffix
bluecross.org.uk.,suffix
mvp189.net.,suffix
hypevault.co.,suffix
theclashify.com.,suffix
lids.com.,suffix
alldiamond.co.uk.,suffix
rnc.org.,suffix
barniescoffee.com.,suffix
eastvaleca.gov.,suffix
vsd.lt.,suffix
teeoff.com.,suffix
womenscyberjutsu.org.,suffix
teefashionstar.com.,suffix
iu7.ru.,suffix
vapo.co.nz.,suffix
railsclothing.com.,suffix
nuroco.com.,suffix
slot777royal.com.,suffix
ytelegram.com.,suffix
coinauctionshelp.com.,suffix
pertaminafoundation.org.,suffix
inea.pl.,suffix
theseed.ca.,suffix
womensecret.mx.,suffix
pivotcycles.com.au.,suffix
northmyrtlebeachtravel.com.,suffix
cef.co.uk.,suffix
adcn.org.,suffix
kineticskateboarding.com.,suffix
sausalito.gov.,suffix
myconsumers.org.,suffix
hummkombucha.com.,suffix
thenorthface.de.,suffix
mowasalat.com.,suffix
csc.net.cn.,suffix
factoryofsadness.co.,suffix
13deals.com.,suffix
socialprintstudio.com.,suffix
design911.com.,suffix
olivemagazine.gr.,suffix
cosmosdeli.net.,suffix
sanctis.fr.,suffix
superdry.com.,suffix
veteranownedbusiness.com.,suffix
bocchettaplushtoys.com.,suffix
interweavetextiles.com.,suffix
hondaiscoin.com.,suffix
smartrike.com.,suffix
mcclatchydc.com.,suffix
shbetvnd.com.,suffix
staticnails.com.,suffix
mykawartha.com.,suffix
crowboroughlife.com.,suffix
activejeremy.com.,suffix
pamperedchef.biz.,suffix
zenbivy.com.,suffix
presidentsalliance.org.,suffix
dvusd.org.,suffix
donsappliances.com.,suffix
breathlessresorts.com.,suffix
kinglouie.nl.,suffix
nextcomputers.org.,suffix
i-online-casino.org.,suffix
selver.ee.,suffix
theweddingofmydreams.co.uk.,suffix
workoutforless.co.uk.,suffix
foxdealer.com.,suffix
degods.com.,suffix
agbrief.com.,suffix
maralex-paris.com.,suffix
atgp.jp.,suffix
autorenwelt.de.,suffix
acam.org.,suffix
realclearenergy.org.,suffix
noon.com.,suffix
namshi.com.,suffix
mgl.lobby.igamecj.com.,suffix
capcut.com.,suffix
appsflyersdk.com.,suffix
capcutapi.com.,suffix
faceueditor.com.,suffix
useblackbox.io.,suffix
blackbox.ai.,suffix
perplexity.ai.,suffix
searchgpt.com.,suffix
a2z.com.,suffix
gemini.google.,suffix
netify.ai.,suffix
pxf.io.,suffix
framer.com.,suffix
bestofai.com.,suffix
discord.gg.,suffix
discord.com.,suffix
spikes.studio.,suffix
ai-chat.bsg.brave.com.,suffix
trae.ai.,suffix
bnetdocs.org.,suffix
datastudios.org.,suffix
gpuopen.com.,suffix
windsurf.com.,suffix
cursor.com.,suffix
idx.google.com.,suffix
app.cline.bot.,suffix
