llama.com.,fqdn
galxe.com.,fqdn
checks.google.com.,fqdn
cmf.tech.,fqdn
nothing.tech.,fqdn
schrodinger.com.,fqdn
salesforce.com.,fqdn
microsoft.com.,fqdn
hostinger.com.,fqdn
githubusercontent.com.,fqdn
Beatport.com.,fqdn
fedoraproject.org.,fqdn
discordapp.com.,fqdn
discord.media .,fqdn
sourcegraph.com.,fqdn
exaloop.io.,fqdn
softether-download.com.,fqdn
gamea.clashofclans.com.,fqdn
check-host.net.,fqdn
akamaized.net.,fqdn
ettdnsv.com.,fqdn
gbcass.com.,fqdn
radware.com.,fqdn
konami.com.,fqdn
accounts.google.com.,fqdn
ads.google.com.,fqdn
adservice.google.com.,fqdn
ai.google.com.,fqdn
analytics.google.com.,fqdn
apis.google.com.,fqdn
appengine.google.com.,fqdn
books.google.com.,fqdn
business.google.com.,fqdn
chat.google.com.,fqdn
classroom.google.com.,fqdn
clients.google.com.,fqdn
clients2.google.com.,fqdn
clients6.google.com.,fqdn
cloud.google.com.,fqdn
code.google.com.,fqdn
datastudio.google.com.,fqdn
design.google.com.,fqdn
developer.google.com.,fqdn
developers.google.com.,fqdn
dl-ssl.google.com.,fqdn
dl.google.com.,fqdn
firebase.google.com.,fqdn
issuetracker.google.com.,fqdn
lens.google.com.,fqdn
maps.google.com.,fqdn
marketingplatform.google.com.,fqdn
maven.google.com.,fqdn
notifications.google.com.,fqdn
one.google.com.,fqdn
optimize.google.com.,fqdn
pay.google.com.,fqdn
payments.google.com.,fqdn
play.google.com.,fqdn
research.google.com.,fqdn
services.google.com.,fqdn
surveys.google.com.,fqdn
tagmanager.google.com.,fqdn
time.google.com.,fqdn
apple.com.,fqdn
iforgot.apple.com.,fqdn
googletagmanager.com.,fqdn
azure.com.,fqdn
zoom.us.,fqdn
spotify.com.,fqdn
algolia.net.,fqdn
mozilla.org.,fqdn
paypal.com.,fqdn
google-analytics.com.,fqdn
skype.com.,fqdn
imgur.com.,fqdn
i.stack.imgur.com.,fqdn
medium.com.,fqdn
arcgis.com.,fqdn
gravatar.com.,fqdn
webex.com.,fqdn
apache.org.,fqdn
udemy.com.,fqdn
ibm.com.,fqdn
zendesk.com.,fqdn
upwork.com.,fqdn
teamviewer.com.,fqdn
oracle.com.,fqdn
dell.com.,fqdn
slack.com.,fqdn
mit.edu.,fqdn
opensea.io.,fqdn
fiverr.com.,fqdn
http.dev.,fqdn
http.app.,fqdn
http.codes.,fqdn
android.com.,fqdn
go.dev.,fqdn
colab.google.,fqdn
larksuite.com.,fqdn
adobe.com.,fqdn
algolia.com.,fqdn
amd.com.,fqdn
appspot.com.,fqdn
atlassian.net.,fqdn
boardgamegeek.com.,fqdn
chatgpt.com.,fqdn
chat.openai.com.,fqdn
claude.ai.,fqdn
computerworld.com.,fqdn
cisco.com.,fqdn
docker.com.,fqdn
docker.io.,fqdn
ebay.com.,fqdn
filehippo.com.,fqdn
gitlab.com.,fqdn
gns3.com.,fqdn
golang.org.,fqdn
grafana.com.,fqdn
hpe.com.,fqdn
ign.com.,fqdn
intel.com.,fqdn
kinsta.com.,fqdn
linuxhostsupport.com.,fqdn
motorola.com.,fqdn
mysql.com.,fqdn
nvidia.com.,fqdn
notion.so.,fqdn
solarwinds.com.,fqdn
spiceworks.com.,fqdn
splunk.com.,fqdn
ti.com.,fqdn
vmware.com.,fqdn
visa.com.,fqdn
web.dev.,fqdn
gemini.google.com.,fqdn
bard.google.com.,fqdn
alibaba.com.,fqdn
freepik.com.,fqdn
img.freepik.com.,fqdn
samsung.com.,fqdn
developer.samsung.com.,fqdn
go.com.,fqdn
amadeus.com.,fqdn
api.amadeus.com.,fqdn
criteo.com.,fqdn
nginx.com.,fqdn
digitalocean.com.,fqdn
amazonvideo.com.,fqdn
ilovepdf.com.,fqdn
php.net.,fqdn
trello.com.,fqdn
cnet.com.,fqdn
mailchimp.com.,fqdn
constantcontact.com.,fqdn
figma.com.,fqdn
mi.com.,fqdn
grammarly.com.,fqdn
cpanel.net.,fqdn
forums.cpanel.net.,fqdn
unity3d.com.,fqdn
download.unity3d.com.,fqdn
envato.com.,fqdn
build.envato.com.,fqdn
elements.envato.com.,fqdn
openstreetmap.org.,fqdn
siteground.com.,fqdn
themeforest.net.,fqdn
linode.com.,fqdn
atlassian.com.,fqdn
lenovo.com.,fqdn
doc.vmware.com.,fqdn
hol.vmware.com.,fqdn
ubuntu.com.,fqdn
archive.ubuntu.com.,fqdn
launchpad.net.,fqdn
redhat.com.,fqdn
connect.redhat.com.,fqdn
coursera.org.,fqdn
miui.com.,fqdn
en.miui.com.,fqdn
qualtrics.com.,fqdn
google.qualtrics.com.,fqdn
mongodb.com.,fqdn
onetrust.com.,fqdn
python.org.,fqdn
hotjar.com.,fqdn
similarweb.com.,fqdn
prezi.com.,fqdn
norton.com.,fqdn
rubiconproject.com.,fqdn
codepen.io.,fqdn
quillbot.com.,fqdn
adsrvr.org.,fqdn
newrelic.com.,fqdn
bitbucket.org.,fqdn
api.bitbucket.org.,fqdn
remove.bg.,fqdn
akismet.com.,fqdn
techtarget.com.,fqdn
disney.com.,fqdn
yale.edu.,fqdn
codex.cs.yale.edu.,fqdn
feedburner.com.,fqdn
anchor.fm.,fqdn
fontawesome.com.,fqdn
xkcd.com.,fqdn
dynect.net.,fqdn
mathworks.com.,fqdn
xbox.com.,fqdn
cloudinary.com.,fqdn
smartadserver.com.,fqdn
amazon.com.,fqdn
aws.amazon.com.,fqdn
amazonaws.com.,fqdn
s3.amazonaws.com.,fqdn
visualstudio.com.,fqdn
nintendo.com.,fqdn
unity.com.,fqdn
openai.com.,fqdn
doubleclick.net.,fqdn
creativecloud.adobe.com.,fqdn
blockchain.com.,fqdn
sharethrough.com.,fqdn
waze.com.,fqdn
netdna-ssl.com.,fqdn
launchdarkly.com.,fqdn
semrush.com.,fqdn
imdb.com.,fqdn
rover.ebay.com.,fqdn
elastic.co.,fqdn
khanacademy.org.,fqdn
sun.com.,fqdn
branch.io.,fqdn
sourceforge.net.,fqdn
crashlytics.com.,fqdn
caddyserver.com.,fqdn
stripe.com.,fqdn
js.stripe.com.,fqdn
hwcdn.net.,fqdn
miro.com.,fqdn
epicgames.com.,fqdn
accounts.epicgames.com.,fqdn
creativemarket.com.,fqdn
feedly.com.,fqdn
hoster.kz.,fqdn
mirror.hoster.kz.,fqdn
lg.com.,fqdn
zoho.com.,fqdn
optimizely.com.,fqdn
sendinblue.com.,fqdn
api.sendinblue.com.,fqdn
googleadservices.com.,fqdn
xero.com.,fqdn
statuspage.io.,fqdn
amplitude.com.,fqdn
kaggle.com.,fqdn
auth0.com.,fqdn
leagueoflegends.com.,fqdn
play.euw.leagueoflegends.com.,fqdn
woocommerce.com.,fqdn
microchip.com.,fqdn
prestashop.com.,fqdn
cookielaw.org.,fqdn
pendo.io.,fqdn
freelancer.com.,fqdn
rapid7.com.,fqdn
sentry.io.,fqdn
overleaf.com.,fqdn
compiles.overleaf.com.,fqdn
wikia.com.,fqdn
ieee.org.,fqdn
twilio.com.,fqdn
bugsnag.com.,fqdn
freecodecamp.org.,fqdn
pypi.org.,fqdn
id5-sync.com.,fqdn
googleblog.com.,fqdn
androidstudio.googleblog.com.,fqdn
nodejs.org.,fqdn
convertio.co.,fqdn
vultr.com.,fqdn
stackexchange.com.,fqdn
hetzner.com.,fqdn
moz.com.,fqdn
smartsheet.com.,fqdn
anydesk.com.,fqdn
pingdom.com.,fqdn
nflxvideo.net.,fqdn
pubmatic.com.,fqdn
bestbuy.com.,fqdn
codecanyon.net.,fqdn
plesk.com.,fqdn
intercom.io.,fqdn
widget.intercom.io.,fqdn
alexa.com.,fqdn
getbootstrap.com.,fqdn
ipinfo.io.,fqdn
bootstrapcdn.com.,fqdn
fbsbx.com.,fqdn
superuser.com.,fqdn
dyn.com.,fqdn
flaticon.com.,fqdn
elementor.com.,fqdn
zend.com.,fqdn
smallseotools.com.,fqdn
truste.com.,fqdn
vuejs.org.,fqdn
he.net.,fqdn
lg.he.net.,fqdn
uplynk.com.,fqdn
postman.com.,fqdn
dev.to.,fqdn
unrealengine.com.,fqdn
fortinet.com.,fqdn
segment.com.,fqdn
towardsdatascience.com.,fqdn
bungie.net.,fqdn
typekit.com.,fqdn
datastax.com.,fqdn
docs.datastax.com.,fqdn
haxx.se.,fqdn
curl.haxx.se.,fqdn
wpastra.com.,fqdn
imgix.net.,fqdn
brightcove.com.,fqdn
akamai.com.,fqdn
broadcom.com.,fqdn
themoviedb.org.,fqdn
tinypng.com.,fqdn
spring.io.,fqdn
adobelogin.com.,fqdn
coursehero.com.,fqdn
kubernetes.io.,fqdn
activision.com.,fqdn
edx.org.,fqdn
sc-static.net.,fqdn
segment.io.,fqdn
usertesting.com.,fqdn
edgecastcdn.net.,fqdn
reactjs.org.,fqdn
laravel.com.,fqdn
cloudflareinsights.com.,fqdn
joker.com.,fqdn
jwplayer.com.,fqdn
thinkwithgoogle.com.,fqdn
chromium.org.,fqdn
virtualbox.org.,fqdn
download.virtualbox.org.,fqdn
f-secure.com.,fqdn
xboxlive.com.,fqdn
invisionapp.com.,fqdn
flurry.com.,fqdn
internetdownloadmanager.com.,fqdn
heroku.com.,fqdn
st.com.,fqdn
packtpub.com.,fqdn
algolianet.com.,fqdn
delltechnologies.com.,fqdn
curl.se.,fqdn
caddy.community.,fqdn
bitbucket.io.,fqdn
redis.io.,fqdn
fullstory.com.,fqdn
freenom.com.,fqdn
sendgrid.com.,fqdn
redditmedia.com.,fqdn
browserstack.com.,fqdn
telerik.com.,fqdn
docs.telerik.com.,fqdn
symfony.com.,fqdn
parsely.com.,fqdn
cc.com.,fqdn
southpark.cc.com.,fqdn
polyfill.io.,fqdn
cdn.polyfill.io.,fqdn
baeldung.com.,fqdn
wordfence.com.,fqdn
noc1.wordfence.com.,fqdn
noc2.wordfence.com.,fqdn
noc3.wordfence.com.,fqdn
noc4.wordfence.com.,fqdn
bsigroup.com.,fqdn
getflywheel.com.,fqdn
gitpod.io.,fqdn
ccleaner.com.,fqdn
programiz.com.,fqdn
graphicriver.net.,fqdn
origin.com.,fqdn
theme-fusion.com.,fqdn
updates.theme-fusion.com.,fqdn
datacamp.com.,fqdn
java.net.,fqdn
gtmetrix.com.,fqdn
mktoresp.com.,fqdn
freepikcompany.com.,fqdn
rapidtables.com.,fqdn
stripe.network.,fqdn
mendeley.com.,fqdn
ni.com.,fqdn
zabbix.com.,fqdn
repo.zabbix.com.,fqdn
packagist.org.,fqdn
olark.com.,fqdn
html5up.net.,fqdn
mycloud.com.,fqdn
slidesgo.com.,fqdn
split.io.,fqdn
intercomcdn.com.,fqdn
js.intercomcdn.com.,fqdn
demandbase.com.,fqdn
codesandbox.io.,fqdn
pub.dev.,fqdn
hashicorp.com.,fqdn
releases.hashicorp.com.,fqdn
respawn.com.,fqdn
exodus.io.,fqdn
nbcuni.com.,fqdn
djangoproject.com.,fqdn
toggl.com.,fqdn
sling.com.,fqdn
googlesource.com.,fqdn
theplatform.com.,fqdn
hackerrank.com.,fqdn
shadowserver.org.,fqdn
softlayer.com.,fqdn
videohive.net.,fqdn
digikey.com.,fqdn
techspot.com.,fqdn
fastly-insights.com.,fqdn
qt.io.,fqdn
turner.com.,fqdn
rust-lang.org.,fqdn
paypalobjects.com.,fqdn
filecr.com.,fqdn
flutter.dev.,fqdn
grabcad.com.,fqdn
schema.org.,fqdn
wdc.com.,fqdn
mandrillapp.com.,fqdn
mvnrepository.com.,fqdn
ip2location.com.,fqdn
getcomposer.org.,fqdn
oceanwp.org.,fqdn
tabnine.com.,fqdn
cgtrader.com.,fqdn
virtualmin.com.,fqdn
maxmind.com.,fqdn
download.maxmind.com.,fqdn
mxtoolbox.com.,fqdn
pytorch.org.,fqdn
ispsystem.com.,fqdn
cdn.ispsystem.com.,fqdn
nextjs.org.,fqdn
bluemix.net.,fqdn
wordtune.com.,fqdn
registry-1.docker.io.,fqdn
rtings.com.,fqdn
khronos.org.,fqdn
ansible.com.,fqdn
wpml.org.,fqdn
tensorflow.org.,fqdn
teamtreehouse.com.,fqdn
jetpack.com.,fqdn
netacad.com.,fqdn
fastly.com.,fqdn
clamav.net.,fqdn
audiojungle.net.,fqdn
xilinx.com.,fqdn
spoti.fi.,fqdn
warframe.com.,fqdn
paessler.com.,fqdn
material.io.,fqdn
mariadb.com.,fqdn
rapidapi.com.,fqdn
monsterinsights.com.,fqdn
paddle.com.,fqdn
rstudio.com.,fqdn
f2pool.com.,fqdn
btc-eu.f2pool.com.,fqdn
btc-us.f2pool.com.,fqdn
btc.f2pool.com.,fqdn
percona.com.,fqdn
nirsoft.net.,fqdn
linuxquestions.org.,fqdn
amp.dev.,fqdn
artbees.net.,fqdn
motionarray.com.,fqdn
rubygems.org.,fqdn
openreview.net.,fqdn
bold-themes.com.,fqdn
placeholder.com.,fqdn
via.placeholder.com.,fqdn
glitch.com.,fqdn
glitch.me.,fqdn
admob.com.,fqdn
apps.admob.com.,fqdn
websitedemos.net.,fqdn
optusnet.com.au.,fqdn
timedoctor.com.,fqdn
cloudlinux.com.,fqdn
repo.alt.cloudlinux.com.,fqdn
photodune.net.,fqdn
smtp2go.com.,fqdn
mail.smtp2go.com.,fqdn
terraform.io.,fqdn
registry.terraform.io.,fqdn
highcharts.com.,fqdn
cloudera.com.,fqdn
optus.com.au.,fqdn
site.pro.,fqdn
update.site.pro.,fqdn
chocolatey.org.,fqdn
level3.net.,fqdn
coreldraw.com.,fqdn
thimpress.com.,fqdn
omappapi.com.,fqdn
crocoblock.com.,fqdn
api.crocoblock.com.,fqdn
quicksprout.com.,fqdn
deno.land.,fqdn
hbogo.com.,fqdn
swift.org.,fqdn
npmjs.org.,fqdn
registry.npmjs.org.,fqdn
almalinux.org.,fqdn
vagrantup.com.,fqdn
tecmint.com.,fqdn
wpmudev.com.,fqdn
geforce.com.,fqdn
travis-ci.org.,fqdn
visualwebsiteoptimizer.com.,fqdn
mailgun.com.,fqdn
maven.org.,fqdn
expo.dev.,fqdn
sslshopper.com.,fqdn
deepmind.com.,fqdn
cloudbees.com.,fqdn
dodi-repacks.site.,fqdn
expressjs.com.,fqdn
ryte.com.,fqdn
angularjs.org.,fqdn
k8s.io.,fqdn
registry.k8s.io.,fqdn
planet.com.,fqdn
intellij.net.,fqdn
rocketcdn.me.,fqdn
itsfoss.com.,fqdn
mixer.com.,fqdn
rankmath.com.,fqdn
oauth.rankmath.com.,fqdn
wp-rocket.me.,fqdn
quay.io.,fqdn
element14.com.,fqdn
netbeans.org.,fqdn
gradle.org.,fqdn
shortpixel.ai.,fqdn
cdn.shortpixel.ai.,fqdn
machinelearningmastery.com.,fqdn
ant.design.,fqdn
bintray.com.,fqdn
mailenable.com.,fqdn
aclanthology.org.,fqdn
mongodb.org.,fqdn
openshift.com.,fqdn
cloud.openshift.com.,fqdn
zeplin.io.,fqdn
6sense.com.,fqdn
travis-ci.com.,fqdn
tielabs.com.,fqdn
stackshare.io.,fqdn
jitsi.org.,fqdn
alldatasheet.com.,fqdn
balena.io.,fqdn
rabbitmq.com.,fqdn
krisp.ai.,fqdn
plotly.com.,fqdn
dot.tk.,fqdn
wandb.ai.,fqdn
jfrog.io.,fqdn
gravityforms.com.,fqdn
expo.io.,fqdn
mbed.com.,fqdn
rocketleague.com.,fqdn
yithemes.com.,fqdn
graphql.org.,fqdn
acloud.guru.,fqdn
rocket.chat.,fqdn
wd.com.,fqdn
safaribooksonline.com.,fqdn
redis.com.,fqdn
grow.google.,fqdn
totalbattle.com.,fqdn
yougetsignal.com.,fqdn
3docean.net.,fqdn
pythonhosted.org.,fqdn
gitkraken.com.,fqdn
sstatic.net.,fqdn
hetzner.cloud.,fqdn
bigbluebutton.org.,fqdn
webmin.com.,fqdn
anaconda.org.,fqdn
lightstep.com.,fqdn
swaggerhub.com.,fqdn
wakatime.com.,fqdn
5sim.net.,fqdn
comsol.com.,fqdn
enterprisedb.com.,fqdn
wpmudev.org.,fqdn
oxygenbuilder.com.,fqdn
ai.google.,fqdn
wpbakery.com.,fqdn
packagecloud.io.,fqdn
hbonow.com.,fqdn
altn.com.,fqdn
getliner.com.,fqdn
dart.dev.,fqdn
coin360.com.,fqdn
serverpilot.io.,fqdn
socket.io.,fqdn
count.ly.,fqdn
csb.app.,fqdn
red.com.,fqdn
bitsrc.io.,fqdn
psyonix.com.,fqdn
myip.com.,fqdn
nodesource.com.,fqdn
nestjs.com.,fqdn
sheerid.com.,fqdn
jenkins-ci.org.,fqdn
codecov.io.,fqdn
seoptimer.com.,fqdn
cybrary.it.,fqdn
jaspersoft.com.,fqdn
eslint.org.,fqdn
securitytrails.com.,fqdn
webnus.net.,fqdn
developer.com.,fqdn
helm.sh.,fqdn
grafana.net.,fqdn
tinyjpg.com.,fqdn
c9.io.,fqdn
ruby-doc.org.,fqdn
min.io.,fqdn
seleniumhq.org.,fqdn
ifconfig.co.,fqdn
fabric.io.,fqdn
bootswatch.com.,fqdn
godoc.org.,fqdn
daily.dev.,fqdn
api.daily.dev.,fqdn
codewithmosh.com.,fqdn
shortpixel.com.,fqdn
tele2.net.,fqdn
speedtest.tele2.net.,fqdn
gluonhq.com.,fqdn
invis.io.,fqdn
quilljs.com.,fqdn
hackthebox.eu.,fqdn
oroinc.com.,fqdn
freenas.org.,fqdn
azul.com.,fqdn
01.org.,fqdn
download.01.org.,fqdn
acloudguru.com.,fqdn
sitefinity.com.,fqdn
codegrepper.com.,fqdn
alldebrid.com.,fqdn
vuforia.com.,fqdn
netdata.cloud.,fqdn
app.netdata.cloud.,fqdn
dogechain.info.,fqdn
my.dogechain.info.,fqdn
keil.com.,fqdn
blockstream.info.,fqdn
genymotion.com.,fqdn
host.io.,fqdn
seo-hacker.com.,fqdn
grafana.org.,fqdn
fusioncharts.com.,fqdn
cloudflarestatus.com.,fqdn
nvidia.co.uk.,fqdn
quic.cloud.,fqdn
altera.com.,fqdn
doubleclickbygoogle.com.,fqdn
jitpack.io.,fqdn
realm.io.,fqdn
firebase.com.,fqdn
reactnavigation.org.,fqdn
seoreviewtools.com.,fqdn
i18next.com.,fqdn
libraries.io.,fqdn
nativescript.org.,fqdn
bitvise.com.,fqdn
fedoramagazine.org.,fqdn
hogash.com.,fqdn
paperspace.com.,fqdn
zeit.co.,fqdn
godbolt.org.,fqdn
pwc.ca.,fqdn
dartlang.org.,fqdn
gcr.io.,fqdn
wrappixel.com.,fqdn
zestyio.com.,fqdn
phlox.pro.,fqdn
demo.phlox.pro.,fqdn
coincap.io.,fqdn
api.coincap.io.,fqdn
hyper.is.,fqdn
consul.io.,fqdn
webdesign.org.,fqdn
cdw.ca.,fqdn
proandroiddev.com.,fqdn
eep.io.,fqdn
cbeci.org.,fqdn
jenkov.com.,fqdn
explainshell.com.,fqdn
aapanel.com.,fqdn
goanimate.com.,fqdn
envato-static.com.,fqdn
polymer-project.org.,fqdn
cocalc.com.,fqdn
incredibuild.com.,fqdn
nightwatch.io.,fqdn
packagist.com.,fqdn
fsdn.com.,fqdn
kaggle.net.,fqdn
kreaturamedia.com.,fqdn
repository.kreaturamedia.com.,fqdn
followeran.com.,fqdn
kaggle.io.,fqdn
gurobi.com.,fqdn
battlefieldtracker.com.,fqdn
nopixel.net.,fqdn
ts.nopixel.net.,fqdn
maas.io.,fqdn
b4x.com.,fqdn
bazel.build.,fqdn
bit.dev.,fqdn
instana.com.,fqdn
elegantflyer.com.,fqdn
opennebula.io.,fqdn
seopress.org.,fqdn
bricksbuilder.io.,fqdn
platform9.com.,fqdn
dshield.org.,fqdn
pepipost.com.,fqdn
smtp.pepipost.com.,fqdn
bungie.com.,fqdn
oxy.host.,fqdn
unlimited-elements.com.,fqdn
flutter.io.,fqdn
goharbor.io.,fqdn
memoryhackers.org.,fqdn
dedicatedpanel.com.,fqdn
simplemaps.com.,fqdn
disneyjunior.com.,fqdn
jfrog.org.,fqdn
meetfranz.com.,fqdn
magestore.com.,fqdn
pkg.dev.,fqdn
gamekit.com.,fqdn
conan.io.,fqdn
gopkg.in.,fqdn
hex.pm.,fqdn
jhipster.tech.,fqdn
kaggleusercontent.com.,fqdn
vyos.io.,fqdn
fuchsia.dev.,fqdn
react-select.com.,fqdn
powerpackelements.com.,fqdn
coursera.com.,fqdn
onpage.org.,fqdn
wdtvlive.com.,fqdn
wpsheeteditor.com.,fqdn
nvidia.fr.,fqdn
whmcsglobalservices.com.,fqdn
labix.org.,fqdn
lit.dev.,fqdn
adobeexchange.com.,fqdn
gravitykit.com.,fqdn
cppstories.com.,fqdn
tinify.com.,fqdn
websiteforstudents.com.,fqdn
cgaxis.com.,fqdn
kingcomposer.com.,fqdn
victoriametrics.com.,fqdn
dynstatus.com.,fqdn
h-bid.com.,fqdn
sparkjava.com.,fqdn
crtv.mk.,fqdn
downduck.com.,fqdn
livepopulation.com.,fqdn
acme.sh.,fqdn
get.acme.sh.,fqdn
trueos.org.,fqdn
my-netdata.io.,fqdn
getcaddy.com.,fqdn
javacardos.com.,fqdn
cljdoc.org.,fqdn
autom8n.com.,fqdn
heroturko.net.,fqdn
gravityview.co.,fqdn
licensepal.com.,fqdn
areama.net.,fqdn
api.areama.net.,fqdn
conikal.com.,fqdn
hostcontrol-backoffice.com.,fqdn
seancroxton.com.,fqdn
extremeloading.com.,fqdn
bungiefoundation.org.,fqdn
ngxpagespeed.com.,fqdn
gbudb.com.,fqdn
rockstar.com.,fqdn
samacsys.com.,fqdn
chaquo.com.,fqdn
intelephense.com.,fqdn
clamav.com.,fqdn
google.ai.,fqdn
jenkins.org.,fqdn
myip.nl.,fqdn
withgoogle.com.,fqdn
gitlab.io.,fqdn
cloudfunctions.net.,fqdn
firebaseio.com.,fqdn
cdn.oaistatic.com.,fqdn
console.cloud.google.com.,fqdn
oraclecloud.com.,fqdn
community.hpe.com.,fqdn
vsphereclient.vmware.com.,fqdn
code.vmware.com.,fqdn
thwack.solarwinds.com.,fqdn
downloadcenter.intel.com.,fqdn
corpredirect.intel.com.,fqdn
ark.intel.com.,fqdn
oriondemo.solarwinds.com.,fqdn
www.algolia.com.,fqdn
download-ssc.cisco.com.,fqdn
api.cisco.com.,fqdn
software.cisco.com.,fqdn
firebaseextensions.clients6.google.com.,fqdn
repo.mysql.com.,fqdn
packages.cloud.google.com.,fqdn
apt.kubernetes.io.,fqdn
dgivdslhqe3qo.cloudfront.net.,fqdn
d36jcksde1wxzq.cloudfront.net.,fqdn
d2wy8f7a9ursnm.cloudfront.net.,fqdn
d20hvw4zeymqbm.cloudfront.net.,fqdn
intel.de.,fqdn
blogs.vmware.com.,fqdn
kb.vmware.com.,fqdn
docs.vmware.com.,fqdn
ssc.vmware.com.,fqdn
my.vmware.com.,fqdn
mon.vmware.com.,fqdn
ebaystatic.co.,fqdn
ebayimg.com.,fqdn
ebaycdn.net.,fqdn
visa.de.,fqdn
att.com.,fqdn
accounts.xboxlive.com.,fqdn
adept-server-prod-uodmhebufa-ue.a.run.app.,fqdn
arc.msn.com.,fqdn
assets.xboxservices.com.,fqdn
avatarv3.xboxlive.com.,fqdn
c.pki.goog.,fqdn
catalog.gamepass.com.,fqdn
clubhub.xboxlive.com.,fqdn
comments.xboxlive.com.,fqdn
consent.config.office.com.,fqdn
dlassets-ssl.xboxlive.com.,fqdn
dns.msftncsi.com.,fqdn
editorial.xboxlive.com.,fqdn
eplists.xboxlive.com.,fqdn
gosca18.ea.com.,fqdn
images-eds-ssl.xboxlive.com.,fqdn
in.appcenter.ms.,fqdn
insights-collector.newrelic.com.,fqdn
instance.mgt.xboxlive.com.,fqdn
leaderboards.xboxlive.com.,fqdn
login.live.com.,fqdn
notificationinbox.xboxlive.com.,fqdn
notifier.xboxlive.com.,fqdn
ocsp.digicert.com.,fqdn
peoplehub.xboxlive.com.,fqdn
privacy.xboxlive.com.,fqdn
profile.xboxlive.com.,fqdn
rta.xboxlive.com.,fqdn
sessiondirectory.xboxlive.com.,fqdn
social.xboxlive.com.,fqdn
streaming.xboxlive.com.,fqdn
title.mgt.xboxlive.com.,fqdn
titlehub.xboxlive.com.,fqdn
titlestorage.xboxlive.com.,fqdn
titlestoragescus0102.blob.core.windows.net.,fqdn
user.auth.xboxlive.com.,fqdn
userpresence.xboxlive.com.,fqdn
userstats.xboxlive.com.,fqdn
usertitles.xboxlive.com.,fqdn
utas.prd.s5.prd.futc-ext.gcp.ea.com.,fqdn
msftconnecttest.com.,fqdn
www.msftncsi.com.,fqdn
www.xboxab.com.,fqdn
www.xboxlive.com.,fqdn
xblmessaging.xboxlive.com.,fqdn
xgrant.xboxlive.com.,fqdn
xncsi.xboxlive.com.,fqdn
xnotify.xboxlive.com.,fqdn
xsts.auth.xboxlive.com.,fqdn
fcas.prd.s5.prd.futc-ext.gcp.ea.com.,fqdn
000webhost.com.,fqdn
a.softaculous.com.,fqdn
account.wpmet.com.,fqdn
aceplugins.com.,fqdn
acf-extended.com.,fqdn
acme-v02.api.letsencrypt.org.,fqdn
adminmenueditor.com.,fqdn
alfahost.me.,fqdn
almalinux.mirror.liteserver.nl.,fqdn
almalinux.mirror.wearetriple.com.,fqdn
ampcid.google.com.,fqdn
analytify.io.,fqdn
api.admincolumns.com.,fqdn
api.akismet.com.,fqdn
api.appsero.com.,fqdn
api.cm-wp.com.,fqdn
api.coinex.com.,fqdn
api.envato.com.,fqdn
api.eu.mailgun.net.,fqdn
api.exactmetrics.com.,fqdn
api.fontawesome.com.,fqdn
api.freemius.com.,fqdn
api.getbeamer.com.,fqdn
api.google.com.,fqdn
api.ipify.org.,fqdn
api.mailgun.net.,fqdn
api.monsterinsights.com.,fqdn
api.openprovider.eu.,fqdn
api.resmush.it.,fqdn
api.softaculous.com.,fqdn
api.thesslstore.com.,fqdn
api.tinify.com.,fqdn
api.unlimited-elements.com.,fqdn
api.us.mailgun.net.,fqdn
api.virtualizor.com.,fqdn
api.wordpress.org.,fqdn
api.wpfastestcache.net.,fqdn
api.wpmet.com.,fqdn
app-gateway.creativemail.com.,fqdn
app.imagify.io.,fqdn
archive.mariadb.org.,fqdn
arpriceplugin.com.,fqdn
auth.docker.io.,fqdn
auth.wincher.com.,fqdn
authenticate.scriptsbundle.com.,fqdn
avada.ir.,fqdn
bdthemes.com.,fqdn
bit.ly.,fqdn
cai.rankmath.com.,fqdn
casper.yithemes.com.,fqdn
cdn-download.rocket.chat.,fqdn
cdn.jsdelivr.net.,fqdn
cdn.wpml.org.,fqdn
centos.mirror.liteserver.nl.,fqdn
centos.mirror.triple-it.nl.,fqdn
client.crisp.chat.,fqdn
client.sabinserver.com.,fqdn
codecs.fedoraproject.org.,fqdn
coinbase.com.,fqdn
connect.wpmailsmtp.com.,fqdn
console.firebase.google.com.,fqdn
creativemail.com.,fqdn
csp.withgoogle.com.,fqdn
da.vsicloud.com.,fqdn
das.domreg.lt.,fqdn
data.gingersoftware.com.,fqdn
database.clamav.net.,fqdn
deb.nodesource.com.,fqdn
demo.themegrill.com.,fqdn
deploymentcode.com.,fqdn
developer.wordpress.org.,fqdn
devs.mx.,fqdn
directadmin.com.,fqdn
dl.fedoraproject.org.,fqdn
dl.k8s.io.,fqdn
dl.yarnpkg.com.,fqdn
dlm.mariadb.com.,fqdn
domaincheck.auda.org.au.,fqdn
download.docker.com.,fqdn
download.imunify360.com.,fqdn
download.sunnytoo.com.,fqdn
download.wordpress.org.,fqdn
downloads.joomla.org.,fqdn
downloads.mariadb.com.,fqdn
downloads.wordpress.org.,fqdn
elementor.api.kustomerapp.com.,fqdn
epel.mirror.wearetriple.com.,fqdn
exactmetrics.com.,fqdn
extendify.com.,fqdn
fa.wordpress.org.,fqdn
farazserver.net.,fqdn
fedora-epel.koyanet.lv.,fqdn
files.directadmin.com.,fqdn
files.pythonhosted.org.,fqdn
files.rtl-theme.com.,fqdn
files.softaculous.com.,fqdn
files.virtualizor.com.,fqdn
flexibleshipping.com.,fqdn
fonts.com.,fqdn
ftp.nluug.nl.,fqdn
ftp.postgresql.org.,fqdn
get.docker.ir.,fqdn
getwooplugins.com.,fqdn
gmail-smtp-in.l.google.com.,fqdn
gmail.com.,fqdn
gravityapi.com.,fqdn
help.us-themes.com.,fqdn
httpupdate.cpanel.net.,fqdn
iid.com.,fqdn
indexing.com.,fqdn
intellywp.com.,fqdn
ipecho.net.,fqdn
ir.archive.ubuntu.com.,fqdn
iran-locations-api.vercel.app.,fqdn
ithemes.com.,fqdn
izhakwood.com.,fqdn
justpaste.it.,fqdn
kero.yachay.pe.,fqdn
licence.yithemes.com.,fqdn
license.dynamic.ooo.,fqdn
license.opencart-api.com.,fqdn
licenses.bdthemes.co.,fqdn
licenses.softaculous.com.,fqdn
lifterlms.com.,fqdn
lightning.devs.mx.,fqdn
linuxserver2.dedidata.com.,fqdn
manage2.cpanel.net.,fqdn
marketplace.envato.com.,fqdn
megamenu.com.,fqdn
metasploit.com.,fqdn
mirror.1000mbps.com.,fqdn
mirror.ams1.nl.leaseweb.net.,fqdn
mirror.centos.org.,fqdn
mirror.efect.ro.,fqdn
mirror.lyrahosting.com.,fqdn
mirror.mijn.host.,fqdn
mirror.nforce.com.,fqdn
mirror.nl.datapacket.com.,fqdn
mirror.oxilion.nl.,fqdn
mirror.previder.nl.,fqdn
mirror.prolocation.net.,fqdn
mirror.proserve.nl.,fqdn
mirror.serverius.net.,fqdn
mirror.sitbv.nl.,fqdn
mirror.spectraip.net.,fqdn
mirror.theory7.net.,fqdn
mirror.usenet.farm.,fqdn
mirror.wd6.net.,fqdn
mirror.widexs.nl.,fqdn
mirrorlist.centos.org.,fqdn
mirrors.almalinux.org.,fqdn
mirrors.fedoraproject.org.,fqdn
monarch.tonic.to.,fqdn
my.elementor.com.,fqdn
my.yoast.com.,fqdn
netflix.com.,fqdn
nextendweb.com.,fqdn
ngrok.io.,fqdn
ninjateam.org.,fqdn
nip.io.,fqdn
nl.mirrors.clouvider.net.,fqdn
node-binaries.s3.amazonaws.com.,fqdn
node.aapanel.com.,fqdn
novininsta.com.,fqdn
oauth2.com.,fqdn
objectcache.pro.,fqdn
ocsp.comodoca.com.,fqdn
onesignal.com.,fqdn
onlinesim.ru.,fqdn
openssl.org.,fqdn
openvpn.net.,fqdn
order.heapsoftware.com.,fqdn
oteapi.webnic.cc.,fqdn
packages-eu.bigbluebutton.org.,fqdn
packages.gitlab.com.,fqdn
packages.translationspress.com.,fqdn
pagespeedonline.com.,fqdn
pecl.php.net.,fqdn
perfectmoney.com.,fqdn
perfmatters.io.,fqdn
pimwick.com.,fqdn
plugin-downloads.elementor.com.,fqdn
plugins.svn.wordpress.org.,fqdn
ppa.launchpad.net.,fqdn
preview.codecanyon.net.,fqdn
pub.hostdns.top.,fqdn
pypi.python.org.,fqdn
quadlayers.com.,fqdn
r.cpanel.fleetssl.com.,fqdn
r.mariadb.com.,fqdn
really-simple-ssl.com.,fqdn
redux.io.,fqdn
reduxframework.com.,fqdn
releases.rocket.chat.,fqdn
repo.almalinux.org.,fqdn
repo.cloudlinux.com.,fqdn
repo.imunify360.cloudlinux.com.,fqdn
repo.jetlicense.com.,fqdn
repo.mongodb.org.,fqdn
repo.packagist.org.,fqdn
repo.percona.com.,fqdn
repo.the7.io.,fqdn
resmush.it.,fqdn
rest.akismet.com.,fqdn
s0.softaculous.com.,fqdn
s1.softaculous.com.,fqdn
s2.softaculous.com.,fqdn
s3-us-west-2.amazonaws.com.,fqdn
s3.softaculous.com.,fqdn
s4.softaculous.com.,fqdn
s5.softaculous.com.,fqdn
s6.softaculous.com.,fqdn
s7.softaculous.com.,fqdn
s8.softaculous.com.,fqdn
sandbox-wbapi.thesslstore.com.,fqdn
scriptsbundle.com.,fqdn
searchconsole.com.,fqdn
searchwp.com.,fqdn
securedownloads.cpanel.net.,fqdn
security.ubuntu.com.,fqdn
server.softaculous.com.,fqdn
shopapi.apigift.com.,fqdn
sitekit.withgoogle.com.,fqdn
smushpro.wpmudev.org.,fqdn
softaculous.com.,fqdn
spamassassin.apache.org.,fqdn
stats.wp.com.,fqdn
storage.com.,fqdn
store.cpanel.net.,fqdn
store.theplusaddons.com.,fqdn
sunnytoo.com.,fqdn
supplychain.mariadb.com.,fqdn
support.brainstormforce.com.,fqdn
sw-themes.com.,fqdn
teconce.com.,fqdn
test.beshkon.ir.,fqdn
the7.io.,fqdn
themeisle.com.,fqdn
themexriver.com.,fqdn
tinyurl.com.,fqdn
tnedi.me.,fqdn
tp.tax.gov.ir.,fqdn
tp.wpml.org.,fqdn
translate.wordpress.org.,fqdn
type.com.,fqdn
ubuntu.bigbluebutton.org.,fqdn
upd.merkulov.design.,fqdn
update.yithemes.com.,fqdn
updates.themepunch-ext-a.tools.,fqdn
updates.themepunch-ext-b.tools.,fqdn
updates.themepunch-ext-c.tools.,fqdn
updates.themepunch.tools.,fqdn
updates.wpbakery.com.,fqdn
usa10.tavanahost.com.,fqdn
vault.centos.org.,fqdn
verify.cpanel.net.,fqdn
vestacp.com.,fqdn
virtualizor.com.,fqdn
visser.com.au.,fqdn
webpay.bahamta.com.,fqdn
welaunch.io.,fqdn
whmcs.deploymentcode.com.,fqdn
wincher.com.,fqdn
woodmart.xtemos.com.,fqdn
wordpress.org.,fqdn
wp-statistics.com.,fqdn
wp-toolkit.plesk.com.,fqdn
wp.com.,fqdn
wpapi.quic.cloud.,fqdn
wpforms.com.,fqdn
wpmailsmtp.com.,fqdn
wpmet.com.,fqdn
www.a.softaculous.com.,fqdn
www.api.softaculous.com.,fqdn
www.api.virtualizor.com.,fqdn
www.arpriceplugin.com.,fqdn
www.bigbluebutton.org.,fqdn
www.codecanyon.net.,fqdn
www.directadmin.com.,fqdn
www.envato.com.,fqdn
www.exactmetrics.com.,fqdn
www.files.virtualizor.com.,fqdn
www.com.,fqdn
www.gt.,fqdn
www.ilghera.com.,fqdn
www.jetpack.com.,fqdn
www.licenses.softaculous.com.,fqdn
www.mongodb.org.,fqdn
www.nic.pa.,fqdn
www.onesignal.com.,fqdn
www.origin.com.,fqdn
www.preview.themeforest.net.,fqdn
www.rtl-theme.com.,fqdn
www.s1.softaculous.com.,fqdn
www.s2.softaculous.com.,fqdn
www.s3.softaculous.com.,fqdn
www.s4.softaculous.com.,fqdn
www.s5.softaculous.com.,fqdn
www.s6.softaculous.com.,fqdn
www.s7.softaculous.com.,fqdn
www.server.softaculous.com.,fqdn
www.softaculous.com.,fqdn
www.sunnytoo.com.,fqdn
www.themeforest.net.,fqdn
www.virtualizor.com.,fqdn
www.vmware.com.,fqdn
www.wonderplugin.com.,fqdn
www.wordfence.com.,fqdn
www.yoa.st.,fqdn
www.yoast.com.,fqdn
xip.io.,fqdn
yoa.st.,fqdn
yoast.com.,fqdn
za.net.,fqdn
zispa.co.zw.,fqdn
pes22-game.cs.konami.net.,fqdn
asus.com.,fqdn
firebaseremoteconfig.com.,fqdn
pcsupport.lenovo.com.,fqdn
registry.docker.io.,fqdn
alexa.amazon.com.,fqdn
alexa.a2z.com.,fqdn
device-metrics-us.amazon.com.,fqdn
firmware.amazon.com.,fqdn
amazon.co.uk.,fqdn
amazon.de.,fqdn
amazonalexa.com.,fqdn
echo-api.amazon.com.,fqdn
pitangui.amazon.com.,fqdn
layla.amazon.com.,fqdn
alexa-fe.amazon.com.,fqdn
alexa-comms-mobile-service.amazon.com.,fqdn
alexa-skills.amazon.com.,fqdn
alexa-na.amazon.com.,fqdn
alexa-eu.amazon.com.,fqdn
alexa-apis.amazon.com.,fqdn
alexa.amazon.co.jp.,fqdn
alexa.amazon.ca.,fqdn
alexa.amazon.com.au.,fqdn
alexa.amazon.in.,fqdn
alexa.amazon.com.mx.,fqdn
alexa.amazon.com.br.,fqdn
alexa.amazon.fr.,fqdn
alexa.amazon.it.,fqdn
alexa.amazon.es.,fqdn
alexa.amazon.cn.,fqdn
alexa.amazon.nl.,fqdn
alexa.amazon.se.,fqdn
alexa.amazon.sa.,fqdn
alexa.amazon.ae.,fqdn
alexa.amazon.sg.,fqdn
alexa.amazon.com.tr.,fqdn
alexa.amazon.com.pl.,fqdn
alexa.amazon.com.za.,fqdn
alexa.amazon.com.eg.,fqdn
alexa.amazon.com.ar.,fqdn
alexa.amazon.com.cl.,fqdn
alexa.amazon.com.co.,fqdn
alexa.amazon.com.pe.,fqdn
alexa.amazon.com.uy.,fqdn
alexa.amazon.com.ve.,fqdn
alexa.amazon.com.bo.,fqdn
alexa.amazon.com.py.,fqdn
alexa.amazon.com.ec.,fqdn
alexa.amazon.com.gt.,fqdn
alexa.amazon.com.hn.,fqdn
alexa.amazon.com.ni.,fqdn
alexa.amazon.com.pa.,fqdn
alexa.amazon.com.cr.,fqdn
alexa.amazon.com.do.,fqdn
alexa.amazon.com.pr.,fqdn
alexa.amazon.com.jm.,fqdn
alexa.amazon.com.tt.,fqdn
alexa.amazon.com.bs.,fqdn
alexa.amazon.com.bz.,fqdn
alexa.amazon.com.bb.,fqdn
alexa.amazon.com.ag.,fqdn
alexa.amazon.com.dm.,fqdn
alexa.amazon.com.gd.,fqdn
alexa.amazon.com.kn.,fqdn
alexa.amazon.com.lc.,fqdn
alexa.amazon.com.vc.,fqdn
alexa.amazon.com.sv.,fqdn
alexa.amazon.com.ht.,fqdn
alexa.amazon.com.cu.,fqdn
alexa.amazon.com.bm.,fqdn
alexa.amazon.com.ai.,fqdn
alexa.amazon.com.ms.,fqdn
alexa.amazon.com.tc.,fqdn
alexa.amazon.com.vg.,fqdn
alexa.amazon.com.vi.,fqdn
alexa.amazon.com.mq.,fqdn
alexa.amazon.com.gp.,fqdn
alexa.amazon.com.bl.,fqdn
alexa.amazon.com.mf.,fqdn
alexa.amazon.com.sx.,fqdn
alexa.amazon.com.aw.,fqdn
alexa.amazon.com.cw.,fqdn
alexa.amazon.com.sr.,fqdn
alexa.amazon.com.gy.,fqdn
hackthebox.com.,fqdn
tryhackme.com.,fqdn
googleusercontent.com.,fqdn
battle.net.,fqdn
blizzard.com.,fqdn
wowhead.com.,fqdn
kmplayer.com.,fqdn
ldplayer.net.,fqdn
fortnite.com.,fqdn
supercell.com.,fqdn
notion.com.,fqdn
java.com.,fqdn
paymentwall.com.,fqdn
adwords.google.com.,fqdn
maxcdn.com.,fqdn
wix.com.,fqdn
bluehost.com.,fqdn
drivereasy.com.,fqdn
driverguide.com.,fqdn
gopro.com.,fqdn
autodesk.com.,fqdn
autodeskplm360.com.,fqdn
mcafee.com.,fqdn
nanobox.io.,fqdn
dnastack.com.,fqdn
target.com.,fqdn
capitalone.com.,fqdn
wallet.google.com.,fqdn
gamestop.com.,fqdn
garmin.com.,fqdn
dreamstime.com.,fqdn
tdbank.com.,fqdn
kmart.com.,fqdn
fundsxpress.com.,fqdn
firstdata.com.,fqdn
aaa.com.,fqdn
level3.com.,fqdn
ml.com.,fqdn
paychex.com.,fqdn
pandora.com.,fqdn
justcloud.com.,fqdn
pagodabox.io.,fqdn
vue.com.,fqdn
pluralsight.com.,fqdn
itasoftware.com.,fqdn
sony.net.,fqdn
strongloop.com.,fqdn
dominos.co.uk.,fqdn
yourprimer.com.,fqdn
chromeexperiments.com.,fqdn
html5rocks.com.,fqdn
playmapscube.com.,fqdn
getmdl.io.,fqdn
chrome.com.,fqdn
digitalattackmap.com.,fqdn
virustotal.com.,fqdn
blossom.io.,fqdn
switch.co.,fqdn
draw.io.,fqdn
gramfeed.com.,fqdn
paydesk.co.,fqdn
affini-tech.com.,fqdn
humblebundle.com.,fqdn
defold.com.,fqdn
googlesciencefair.com.,fqdn
madewithcode.com.,fqdn
creativelab5.com.,fqdn
googleapps.com.,fqdn
richmediagallery.com.,fqdn
howgoogleworks.net.,fqdn
androidexperiments.com.,fqdn
urbangalaxyonline.com.,fqdn
ingress.com.,fqdn
synergyse.com.,fqdn
cubeslam.com.,fqdn
projectrebrief.com.,fqdn
pushbullet.com.,fqdn
cloudservepoint.com.,fqdn
affclicker.com.,fqdn
servingclks.com.,fqdn
cloudzonetrk.com.,fqdn
vonvon.me.,fqdn
pravda.com.ua.,fqdn
usaa.com.,fqdn
bloomingdales.com.,fqdn
epochtimes.com.,fqdn
sears.com.,fqdn
pnc.com.,fqdn
kohls.com.,fqdn
apartments.com.,fqdn
scoompa.com.,fqdn
seatgeek.com.,fqdn
appintheair.mobi.,fqdn
womentechmakers.com.,fqdn
gwtproject.org.,fqdn
usbank.com.,fqdn
usbankfocus.com.,fqdn
usbankconnect.com.,fqdn
usbconvenientcash.com.,fqdn
usbankgomobile.com.,fqdn
flexperks.com.,fqdn
usbank.visabuxx.com.,fqdn
usa.visa.com.,fqdn
elanfinancialservices.com.,fqdn
myaccountaccess.com.,fqdn
withyoutube.com.,fqdn
tablesgenerator.com.,fqdn
gpsessentials.com.,fqdn
truelicense.java.net.,fqdn
zxing.org.,fqdn
signup.playster.com.,fqdn
blogify.io.,fqdn
mockable.io.,fqdn
software.intel.com.,fqdn
ganttproject.biz.,fqdn
timer-tab.com.,fqdn
getsentry.com.,fqdn
rollbar.com.,fqdn
retailmenot.com.,fqdn
seagate.com.,fqdn
bombsquadgame.com.,fqdn
wowza.com.,fqdn
activestate.com.,fqdn
relativewave.com.,fqdn
gcppodcast.com.,fqdn
dl.trimble.com.,fqdn
support.toggl.com.,fqdn
flag-icon-css.lip.is.,fqdn
jobs.toggl.com.,fqdn
superday.toggl.com.,fqdn
blog.toggl.com.,fqdn
tableau.com.,fqdn
marketplace.atlassian.com.,fqdn
panel.preyproject.com.,fqdn
solid.preyproject.com.,fqdn
malwarebytes.com.,fqdn
data-cdn.mbamupdates.com.,fqdn
hortonworks.com.,fqdn
airbnb.com.,fqdn
kaleidoscopeapp.com.,fqdn
artifacts.elastic.co.,fqdn
my.nic.io.,fqdn
g.codefresh.io.,fqdn
plot.ly.,fqdn
dellemc.com.,fqdn
flynn.io.,fqdn
gohugo.io.,fqdn
engineering.canceriq.com.,fqdn
specialist.canceriq.com.,fqdn
login.canceriq.com.,fqdn
navigator.canceriq.com.,fqdn
secure.php.net.,fqdn
ca.com.,fqdn
install.avcdn.net.,fqdn
download.ccleaner.com.,fqdn
avast.com.,fqdn
sandisk.com.,fqdn
toptal.com.,fqdn
epayments.com.,fqdn
gcping.com.,fqdn
forticlient.com.,fqdn
getambassador.io.,fqdn
konghq.com.,fqdn
istio.io.,fqdn
freshworks.com.,fqdn
messagebird.com.,fqdn
registry.access.redhat.com.,fqdn
pandasecurity.com.,fqdn
sophos.com.,fqdn
league.com.,fqdn
sightmachine.com.,fqdn
shujinko.io.,fqdn
sysdig.com.,fqdn
fluentd.org.,fqdn
uber.com.,fqdn
m.uber.com.,fqdn
ubereats.com.,fqdn
auth.uber.com.,fqdn
registry.redhat.io.,fqdn
aistudio.google.com.,fqdn
dnsv1.com.,fqdn
edgesuite.net.,fqdn
gpubgm.com.,fqdn
amsoveasea.com.,fqdn
pubgmobile.com.,fqdn
ip.sb.,fqdn
xboxservices.com.,fqdn
vscode-cdn.net.,fqdn
msn.com.,fqdn
msftncsi.com.,fqdn
dockerstatic.com.,fqdn
windowsupdate.com.,fqdn
asus.com.cn.,fqdn
amazontrust.com.,fqdn
gamesplanet.com.,fqdn
ifconfig.me.,fqdn
vscode-unpkg.net.,fqdn
grok.com.,fqdn
x.ai.,fqdn
anthropic.com.,fqdn
zamimg.com.,fqdn
notebooklm.google.com.,fqdn
asana.com.,fqdn
tenable.com.,fqdn
myfonts.com.,fqdn
nxp.com.,fqdn
fodev.org.,fqdn
mymavenrepo.com.,fqdn
regxa.com.,fqdn
jsdelivr.net.,fqdn
jquery.com.,fqdn
unpkg.com.,fqdn
exp-tas.com.,fqdn
msecnd.net.,fqdn
uxcam.com.,fqdn
gamepass.com.,fqdn
xboxab.com.,fqdn
xboxab.net.,fqdn
myget.org.,fqdn
chatgptonline.net.,fqdn
awsstatic.com.,fqdn
hetzner.company.,fqdn
hetzner.de.,fqdn
mintegral.com.,fqdn
dlang.org.,fqdn
yandex.com.,fqdn
bitvision.app.,fqdn
wallpaperget.com.,fqdn
microblink.com.,fqdn
huggingface.co.,fqdn
convertio.me.,fqdn
ieee.com.,fqdn
pytorchlightning.ai.,fqdn
ipwhois.app.,fqdn
earthengine.google.com.,fqdn
tomtom.com.,fqdn
exceedlms.com.,fqdn
cs50.io.,fqdn
cs50.ai.,fqdn
cs50.me.,fqdn
cs50.dev.,fqdn
vscode.dev.,fqdn
sites.google.com.,fqdn
gvt1.com.,fqdn
pdf2go.com.,fqdn
netdevgroup.com.,fqdn
reality.ai.,fqdn
mozilla.net.,fqdn
kite.com.,fqdn
googletagservices.com.,fqdn
jetbrains.space.,fqdn
ngrok.com.,fqdn
gradle-dn.com.,fqdn
debian.org.,fqdn
code.videolan.org.,fqdn
videolan.org.,fqdn
oddrun.ir.,fqdn
huawei.com.,fqdn
leech.com.,fqdn
serverfault.com.,fqdn
stackoverflow.com.,fqdn
flutter-io.cn.,fqdn
freedesktop.org.,fqdn
mybridge.co.,fqdn
sentry-cdn.com.,fqdn
softonic.com.,fqdn
pscdn.co.,fqdn
en25.com.,fqdn
myfonts.net.,fqdn
jetbrains.com.,fqdn
traviscistatus.com.,fqdn
flutterlearn.com.,fqdn
cp.maxcdn.com.,fqdn
udemycdn.com.,fqdn
udemycdn-a.com.,fqdn
developer.chrome.com.,fqdn
sonatype.org.,fqdn
cloudfront.net.,fqdn
gitlab-static.net.,fqdn
livefyre.com.,fqdn
macromedia.com.,fqdn
gallery.io.,fqdn
centos.org.,fqdn
scdn.co.,fqdn
serialport.io.,fqdn
fluttercrashcourse.com.,fqdn
vmcdn.com.,fqdn
mouser.com.,fqdn
packagesource.com.,fqdn
wtfismyip.com.,fqdn
unsplash.com.,fqdn
coursera-apps.org.,fqdn
yarnpkg.com.,fqdn
battlecode.org.,fqdn
vuetifyjs.com.,fqdn
deployer.org.,fqdn
alpinelinux.org.,fqdn
yajrabox.com.,fqdn
webcatalog.app.,fqdn
envato.market.,fqdn
visualping.io.,fqdn
trellocdn.com.,fqdn
typoci.com.,fqdn
logrocket.com.,fqdn
hp.com.,fqdn
leafletjs.com.,fqdn
ojrq.net.,fqdn
xiaomi.com.,fqdn
micropyramid.com.,fqdn
deno.com.,fqdn
minio.io.,fqdn
nvcr.io.,fqdn
opendev.org.,fqdn
pypa.io.,fqdn
cirros-cloud.net.,fqdn
dashboardpack.com.,fqdn
eloqua.com.,fqdn
gnome.org.,fqdn
lgappstv.com.,fqdn
onfastspring.com.,fqdn
templatemag.com.,fqdn
themepixels.me.,fqdn
insomnia.rest.,fqdn
axocdn.com.,fqdn
dellcdn.com.,fqdn
webcatalog.io.,fqdn
dartpad.dev.,fqdn
js.org.,fqdn
openembedded.org.,fqdn
kernel.org.,fqdn
openembedded.or.,fqdn
squarespace.com.,fqdn
fastapi.tiangolo.com.,fqdn
8xr.io.,fqdn
litespeedtech.com.,fqdn
buf.build.,fqdn
pkg.jenkins.io.,fqdn
downloads.arduino.cc.,fqdn
askubuntu.com.,fqdn
a2zupload.com.,fqdn
abuse.ch.,fqdn
addthis.com.,fqdn
adnxs.com.,fqdn
adobess.com.,fqdn
adobecc.com.,fqdn
adobe.io.,fqdn
match.adsrvr.org.,fqdn
adsymptotic.com.,fqdn
import.aheto.co.,fqdn
aksimet.com.,fqdn
aliexpress.com.,fqdn
altaro.com.,fqdn
amazon-adsystem.com.,fqdn
amazoon.com.,fqdn
developer.android.com.,fqdn
angular.io.,fqdn
apkpure.com.,fqdn
community.appian.com.,fqdn
server.arcgisonline.com.,fqdn
arenanetworks.com.,fqdn
aswpsdkus.com.,fqdn
audiorelay.net.,fqdn
backup.ninja.,fqdn
beinsportsconnect.net.,fqdn
beinsportsconnect.tv.,fqdn
bidswitch.net.,fqdn
binance.com.,fqdn
bitly.com.,fqdn
blazemeter.com.,fqdn
blockchain.info.,fqdn
bmc.com.,fqdn
js.braintreegateway.com.,fqdn
cbs.com.,fqdn
radar.cedexis.com.,fqdn
m.chiltepin.net.,fqdn
developers.chrome.com.,fqdn
clarity.ms.,fqdn
clear.store.,fqdn
app.clickup.com.,fqdn
geforce.co.uk.,fqdn
codedexchange.com.,fqdn
calleapearce.com.au.,fqdn
amazonaws.com.cn.,fqdn
computernetworkingnotes.com.,fqdn
cdn.cookielaw.org.,fqdn
cover-addict.com.,fqdn
cpuid.com.,fqdn
crybit.com.,fqdn
track.customer.io.,fqdn
cwtv.com.,fqdn
cyfe.com.,fqdn
dpm.demdex.net.,fqdn
demdex.net.,fqdn
devops.com.,fqdn
digicert.com.,fqdn
cloud.digitalocean.com.,fqdn
dnsdumpster.com.,fqdn
dockerflow.com.,fqdn
survey.g.doubleclick.net.,fqdn
download-2.xyz.,fqdn
driftt.com.,fqdn
ea.com.,fqdn
ebaystatic.com.,fqdn
editorx.com.,fqdn
elasticemail.com.,fqdn
emc.com.,fqdn
engadget.com.,fqdn
web-analytics.engagio.com.,fqdn
envanto.com.,fqdn
envatousercontent.com.,fqdn
blog.envoyproxy.io.,fqdn
envoyproxy.io.,fqdn
deb.etcher.io.,fqdn
etsy.com.,fqdn
exp.host.,fqdn
fastly.io.,fqdn
fastly-debug.com.,fqdn
fastly-status.com.,fqdn
filehippo.net.,fqdn
firebase.io.,fqdn
fiverrcdn.com.,fqdn
freepbx.org.,fqdn
geeksforgeeks.org.,fqdn
geniusdexchange.com.,fqdn
reload.getsentry.net.,fqdn
ghcr.io.,fqdn
gitbook.com.,fqdn
gitconnected.com.,fqdn
gitlag.com.,fqdn
gitter.im.,fqdn
clients5.google.com.,fqdn
clients4.google.com.,fqdn
clients1.google.com.,fqdn
clients3.google.com.,fqdn
googlecode.com.,fqdn
secure.gravatar.com.,fqdn
gravityview.com.,fqdn
hackertarget.com.,fqdn
hubapi.com.,fqdn
icloud.com.,fqdn
resources.infosecinstitute.com.,fqdn
api-iam.intercom.io.,fqdn
intertech.com.,fqdn
jaegertracing.io.,fqdn
javascript.com.,fqdn
jfrog.com.,fqdn
code.jquery.com.,fqdn
json.org.,fqdn
k3s.io.,fqdn
katacoda.com.,fqdn
kerberos.io.,fqdn
kitbash3d.com.,fqdn
launchpadcontent.net.,fqdn
limetorrents.info.,fqdn
lipsum.com.,fqdn
live.com.,fqdn
loadbalancer.org.,fqdn
makeuseof.com.,fqdn
markdownguide.org.,fqdn
metabase.com.,fqdn
milkshake.app.,fqdn
api-js.mixpanel.com.,fqdn
odr.mookie1.com.,fqdn
cdn.mouseflow.com.,fqdn
mdn.mozilla.net.,fqdn
cdn.mxpnl.com.,fqdn
dev.mysql.com.,fqdn
namecheap.co.,fqdn
netlify.com.,fqdn
nowpayments.io.,fqdn
npm.org.,fqdn
bam.nr-data.net.,fqdn
nr-data.net.,fqdn
nuget.org.,fqdn
nuxtjs.org.,fqdn
nvidiagrid.net.,fqdn
kb.objectrocket.com.,fqdn
ogslb.com.,fqdn
okd.io.,fqdn
omtrdc.net.,fqdn
help.one.com.,fqdn
onedrive.com.,fqdn
onesignal.net.,fqdn
privacyportal.onetrust.com.,fqdn
opencontainers.org.,fqdn
openwrt.org.,fqdn
openx.net.,fqdn
cdn-pci.optimizely.com.,fqdn
palletsprojects.com.,fqdn
paper-hub.com.,fqdn
cdn.pdst.fm.,fqdn
consumer.pearmill.com.,fqdn
cdn.pearmill.com.,fqdn
query.petametrics.com.,fqdn
pki.goog.,fqdn
placeit.net.,fqdn
nicev2.placeit.net.,fqdn
playstation.net.,fqdn
playvig.com.,fqdn
portworx.com.,fqdn
postman.co.,fqdn
getpostman.com.,fqdn
pstmn.io.,fqdn
profitwell.com.,fqdn
reddit.com.,fqdn
redhat.io.,fqdn
retroarch.com.,fqdn
rl-psy.net.,fqdn
rlcdn.com.,fqdn
intljs.rmtag.com.,fqdn
rosehosting.com.,fqdn
sanity.io.,fqdn
savegyd.com.,fqdn
scene7.com.,fqdn
scribd.com.,fqdn
seoab.io.,fqdn
shareappscrack.com.,fqdn
sheetsformarketers.com.,fqdn
shopenzer.com.,fqdn
shubhamdipt.com.,fqdn
siftscience.com.,fqdn
slack-edge.com.,fqdn
a.slack-edge.com.,fqdn
smashingmagazine.com.,fqdn
smoothwall.com.,fqdn
mx-video-player.en.softonic.com.,fqdn
softperfect.com.,fqdn
soundcloud.com.,fqdn
community.spiceworks.com.,fqdn
open.spotify.com.,fqdn
steamunlocked.net.,fqdn
svgsprit.es.,fqdn
swagger.io.,fqdn
swiftype.com.,fqdn
tanzu.io.,fqdn
telestax.com.,fqdn
tinkerbell.org.,fqdn
torrentz2.eu.,fqdn
api.treepodia.com.,fqdn
partners.tremorhub.com.,fqdn
tricksinfo.net.,fqdn
trinket-vendor-assets.trinket.io.,fqdn
tv-static.net.,fqdn
tvcdn.de.,fqdn
twimg.com.,fqdn
typekit.net.,fqdn
connectivity-check.ubuntu.com.,fqdn
vaultproject.io.,fqdn
vidyard.com.,fqdn
vjudge.net.,fqdn
vuemastery.com.,fqdn
vysor.io.,fqdn
webrtc.org.,fqdn
cloud.withgoogle.com.,fqdn
woocomerce.com.,fqdn
woosignal.com.,fqdn
cdn.wootric.com.,fqdn
worldometers.info.,fqdn
wpall.club.,fqdn
youidraw.com.,fqdn
zeroflux.org.,fqdn
s3browser.com.,fqdn
clipchamp.com.,fqdn
patreon.com.,fqdn
jwt.io.,fqdn
badssl.com.,fqdn
firefox.com.,fqdn
elevenlabs.io.,fqdn
labs.google.com.,fqdn
labs.google.,fqdn
workspace.google.com.,fqdn
sandbox.google.com.,fqdn
goo.gl.,fqdn
collectui.com.,fqdn
goo.gle.,fqdn
discourse-cdn.com.,fqdn
red-gate.com.,fqdn
rxjs.dev.,fqdn
sysinternals.com.,fqdn
generativeai.google.,fqdn
makersuite.google.com.,fqdn
api.snapcraft.io.,fqdn
vsdebugger.azureedge.net.,fqdn
electron.build.,fqdn
cloudconvert.com.,fqdn
gradio.app.,fqdn
netlify.app.,fqdn
dl-cdn.alpinelinux.org.,fqdn
truenas.com.,fqdn
ixsystems.com.,fqdn
vjs.zencdn.net.,fqdn
materialdesignicons.com.,fqdn
idx.dev.,fqdn
ossec.net.,fqdn
cvedetails.com.,fqdn
westerndigital.com.,fqdn
adata.com.,fqdn
pkgs.k8s.io.,fqdn
you.com.,fqdn
stytch.com.,fqdn
appsflyer.com.,fqdn
public.ecr.aws.,fqdn
bing.com.,fqdn
ultralytics.com.,fqdn
roboflow.com.,fqdn
stable.api.dartpad.dev.,fqdn
rockylinux.org.,fqdn
issabel.org.,fqdn
issabel.com.,fqdn
oaistatic.com.,fqdn
d2iks1dkcwqcbx.cloudfront.net.,fqdn
soundcore.com.,fqdn
anker.com.,fqdn
veritas.com.,fqdn
notebooklm.google.,fqdn
google.dev.,fqdn
chatgot.io.,fqdn
windows.net.,fqdn
commoncrawl.org.,fqdn
bluestacks.com.,fqdn
blender.org.,fqdn
meta.com.,fqdn
llamameta.net.,fqdn
anaconda.com.,fqdn
conda.io.,fqdn
sketchfab.com.,fqdn
true-vfx.xyz.,fqdn
opencv.org.,fqdn
nessus.org.,fqdn
zenarmor.com.,fqdn
parceljs.org.,fqdn
checkmk.com.,fqdn
alkaidvision.com.,fqdn
remini.ai.,fqdn
usercentrics.eu.,fqdn
recruitee.com.,fqdn
paloaltonetworks.com.,fqdn
oaiusercontent.com.,fqdn
qualcomm.com.,fqdn
radix-ui.com.,fqdn
antal.ai.,fqdn
angular.dev.,fqdn
elstc.co.,fqdn
elastic.dev.,fqdn
kali.org.,fqdn
kali.download.,fqdn
talosintelligence.com.,fqdn
snort.org.,fqdn
suricata.io.,fqdn
smartertools.com.,fqdn
v0.dev.,fqdn
mistral.ai.,fqdn
deepinfra.com.,fqdn
sora.com.,fqdn
ollama.com.,fqdn
flux.ai.,fqdn
zapier.com.,fqdn
mtalk.google.com.,fqdn
alt8-mtalk.google.com.,fqdn
api.github.com.,fqdn
education.github.com.,fqdn
run.app.,fqdn
googleapis.com.,fqdn
playstation.com.,fqdn
online-fix.me.,fqdn
githubcopilot.com.,fqdn
valve.net.,fqdn
steamstatic.com.,fqdn
steampowered.com.,fqdn
steamcommunity.com.,fqdn
myteamspeak.com.,fqdn
teamspeak.com.,fqdn
battleye.com.,fqdn
riotgames.com.,fqdn
riotcdn.net.,fqdn
pvp.net.,fqdn
rgpub.io.,fqdn
riotcdn.com.,fqdn
riotgames.es.,fqdn
playvalorant.com.,fqdn
callofduty.com.,fqdn
demonware.net.,fqdn
ajemjournal.com.,fqdn
tracktik.com.,fqdn
sleepjunkies.com.,fqdn
emedco.com.,fqdn
fanucci.it.,fqdn
gdrvowners.com.,fqdn
countrycross.sk.,fqdn
atolyestone.com.,fqdn
hawkfanatic.com.,fqdn
redgold.com.,fqdn
thefabricator.com.,fqdn
ipsoft.com.,fqdn
ypsitownship.org.,fqdn
bestjobs.eu.,fqdn
8800-bet.com.,fqdn
bk-pinco.ru.,fqdn
elitelawyer.com.,fqdn
ecomdash.com.,fqdn
escortradar.com.,fqdn
zktecousa.com.,fqdn
ftpf.org.,fqdn
liputan6.com.,fqdn
agrian.com.,fqdn
ubaenseimpressos.com.br.,fqdn
arkwildlife.co.uk.,fqdn
coolhorse.com.,fqdn
nemchuaotdo.com.,fqdn
gardensofthesun.com.,fqdn
pari-match-in.com.,fqdn
pensionbee.com.,fqdn
sega-dreamcast-info-games-preservation.com.,fqdn
southernlabware.com.,fqdn
airbnb.it.,fqdn
poundametre.com.,fqdn
orleanshistoricalsociety.org.,fqdn
bose.cn.,fqdn
xn---116-93d3ap.xn--p1ai.,fqdn
purebread.ca.,fqdn
tr-pin-up-casino.com.,fqdn
mtvanhoevenberg.com.,fqdn
tonercity.com.au.,fqdn
nnlightsbookheaven.com.,fqdn
mebiebaby.com.,fqdn
doctorly.org.,fqdn
idni.org.,fqdn
pasionaria.com.ar.,fqdn
lebanon-express.com.,fqdn
tigren.com.,fqdn
royaloffice.th.,fqdn
usalocator.org.,fqdn
kncbeauty.com.,fqdn
geekglam.net.,fqdn
123bclub66.com.,fqdn
jacobandco.shop.,fqdn
coopers.com.au.,fqdn
besthealthmag.ca.,fqdn
radpowerbikes.com.,fqdn
ladowntownnews.com.,fqdn
kairfashion.com.,fqdn
ingeoexpert.com.,fqdn
vapor.com.,fqdn
mymoinfo.com.,fqdn
sfdc.co.,fqdn
fatemag.com.,fqdn
alloddsbook.com.,fqdn
eberlestock.com.,fqdn
wiroos.com.,fqdn
heldref.org.,fqdn
globegazette.com.,fqdn
wegift.io.,fqdn
180smoke.ca.,fqdn
bajulrowo.one.,fqdn
cesufestivals.com.,fqdn
boatgurus.io.,fqdn
lagunabeachtextileco.com.,fqdn
leadinglady.com.,fqdn
easyjet.com.,fqdn
daylunalife.com.,fqdn
mots-croises.ch.,fqdn
stroybaza-new.ru.,fqdn
kaplanpathways.com.,fqdn
russellathletic.com.,fqdn
immortalromanceslots.org.,fqdn
cambridgelms.org.,fqdn
honeyplaybox.com.,fqdn
atlantic.fo.,fqdn
tomboyx.com.,fqdn
linor.com.,fqdn
equus.co.uk.,fqdn
rebornrags.co.uk.,fqdn
fortheloveofgrad.com.,fqdn
chiccoutureonline.com.,fqdn
nemanet.org.,fqdn
seviercountytn.org.,fqdn
cfrperformance.com.,fqdn
dogsy.co.uk.,fqdn
kurand.jp.,fqdn
wopsterscloset.com.,fqdn
duncker-humblot.de.,fqdn
weareams.com.,fqdn
lazybearsf.com.,fqdn
asap-supplies.com.,fqdn
oetker.de.,fqdn
wineindustryinsight.com.,fqdn
amplenote.com.,fqdn
verkkokauppa.com.,fqdn
stb.ua.,fqdn
zenpayroll.com.,fqdn
unicureindia.com.,fqdn
footlocker.ae.,fqdn
kotogadang-pusako.com.,fqdn
formulaswiss.com.,fqdn
chessmaxacademy.com.,fqdn
searates.com.,fqdn
colby.edu.,fqdn
barcodediscount.com.,fqdn
penguin.com.,fqdn
elo.com.,fqdn
zingtree.com.,fqdn
bellahijabs.com.,fqdn
nursingce.com.,fqdn
bambuhome.com.,fqdn
jewelove.in.,fqdn
liantis.be.,fqdn
riversidehall.org.,fqdn
historicmapworks.com.,fqdn
cardpaymentoptions.com.,fqdn
boulderingcomps.com.,fqdn
rallybound.com.,fqdn
keengamer.com.,fqdn
mastermoz.com.,fqdn
monogramcompany.com.,fqdn
meninkilts.com.,fqdn
trycaviar.com.,fqdn
campingforfoodies.com.,fqdn
houstonballet.org.,fqdn
chattyfeet.com.,fqdn
moralis.com.,fqdn
pelicans.fi.,fqdn
americanfarriers.org.,fqdn
energiavirasto.fi.,fqdn
betterblock.org.,fqdn
mobilbahis.one.,fqdn
hobiesurfshop.com.,fqdn
lanakk.com.,fqdn
microryza.com.,fqdn
unothegateway.com.,fqdn
hotelbusiness.com.,fqdn
homecentre.com.,fqdn
greenlee.com.,fqdn
basil.nl.,fqdn
fesselmenfirearms.com.,fqdn
posh.vip.,fqdn
pricebaba.com.,fqdn
fashionvibes.net.,fqdn
luxunaire.co.uk.,fqdn
thrombosisadviser.com.,fqdn
mysynchrony.com.,fqdn
nicerx.com.,fqdn
independer.nl.,fqdn
findamasters.com.,fqdn
willowbayaustralia.com.,fqdn
mostbetuzplay.com.,fqdn
apothic.com.,fqdn
infd.edu.ar.,fqdn
pandawin7.com.,fqdn
oxxio.nl.,fqdn
coop.org.,fqdn
mmreality.cz.,fqdn
scnylegislature.us.,fqdn
plinko-apk.in.,fqdn
pipersfarm.com.,fqdn
matadorequipment.com.,fqdn
biciamoreshop.com.,fqdn
historicaldis.ru.,fqdn
shebazaar.com.,fqdn
landal.de.,fqdn
draytek.com.tw.,fqdn
thejnotes.com.,fqdn
enpi-info.eu.,fqdn
retrogamestar.com.,fqdn
schreiber-netzwerk.eu.,fqdn
mobilehomepartsstore.com.,fqdn
thecheesegeek.com.,fqdn
ironandresin.com.,fqdn
garbagedomain.com.,fqdn
acaia.co.,fqdn
sultangames.com.,fqdn
mundoplus.tv.,fqdn
puroclean.com.,fqdn
citeworld.com.,fqdn
aedo.org.br.,fqdn
pin-up-bet-casinoonline.com.,fqdn
milkandhoneycoffeehouses.com.,fqdn
aesociety.org.,fqdn
romanlabel.com.,fqdn
lostgolfballs.com.,fqdn
cosanti.com.,fqdn
zbirna.com.,fqdn
pokemonmasters-game.com.,fqdn
piie.com.,fqdn
marylandheights.com.,fqdn
blablacar.com.br.,fqdn
knigoboz.ru.,fqdn
thenewcraftmaker.com.,fqdn
shoprollingloud.com.,fqdn
naniwatourist.jp.,fqdn
cafeterosviajeros.es.,fqdn
townofdeweybeach.com.,fqdn
backstageoriginals.com.,fqdn
secumd.org.,fqdn
zed.run.,fqdn
meine-landausfluege.de.,fqdn
prokabaddi.com.,fqdn
springwise.com.,fqdn
worldsfamousphotos.com.,fqdn
tatasteel.com.,fqdn
esquinanyc.com.,fqdn
whiteflowerfarm.com.,fqdn
mila4u.com.,fqdn
robertdyas.co.uk.,fqdn
camp-california.com.,fqdn
tilecloud.com.au.,fqdn
packer.edu.,fqdn
virtustream.com.,fqdn
potatohead.co.,fqdn
enzoclothingstore.com.,fqdn
cyan-teak-furniture.com.,fqdn
bravodeal.com.,fqdn
macysinc.com.,fqdn
talaera.com.,fqdn
mealplanningmommies.com.,fqdn
surveyjunkie.com.,fqdn
sundried.com.,fqdn
aetnaseniorproducts.com.,fqdn
blueprint.com.,fqdn
fireworks.com.,fqdn
hufworldwide.co.uk.,fqdn
om.fi.,fqdn
ohneoasiscasino-main.com.,fqdn
cisalfasport.it.,fqdn
martinboot.com.,fqdn
igbnorthamerica.com.,fqdn
kelashartanah.my.,fqdn
twinbrooksgardens.com.,fqdn
uniquesmokeshop.com.,fqdn
vtwonen.nl.,fqdn
hbhorsewear.com.au.,fqdn
reinsw.com.au.,fqdn
rdforum.org.,fqdn
investcanada.ca.,fqdn
topdoek.nl.,fqdn
pietzoomers.com.,fqdn
wanderingbearcoffee.com.,fqdn
commissionaires.ca.,fqdn
designfesta.com.,fqdn
drkellyann.com.,fqdn
jinenstore.com.,fqdn
fitssock.com.,fqdn
pushbulletusercontent.com.,fqdn
allfreecrochet.com.,fqdn
patrongrill.com.,fqdn
teapigs.co.uk.,fqdn
realdildos.com.,fqdn
labellefoundation.org.,fqdn
newbalance.eu.,fqdn
visitvenezia.eu.,fqdn
mastercard.it.,fqdn
yslbeauty.ca.,fqdn
hayagi.com.,fqdn
newteachercenter.org.,fqdn
belindainternational.com.,fqdn
charlotte.com.,fqdn
bigwalldecor.com.,fqdn
scorebar.com.,fqdn
grappleguardsoap.com.,fqdn
hhs.gov.,fqdn
toysforbigboys.com.,fqdn
bestmaterials.com.,fqdn
gardenforwildlife.com.,fqdn
2-clicks-coins.com.,fqdn
hoturls.info.,fqdn
coeursports.com.,fqdn
wuppertal-total.de.,fqdn
bebemoda.co.uk.,fqdn
neversummer.com.,fqdn
sunlightmtn.com.,fqdn
autopunditz.com.,fqdn
energytradeaction.org.,fqdn
just-eat.dk.,fqdn
angusrobertson.com.au.,fqdn
blendofbites.com.,fqdn
undergroundlighting.com.,fqdn
pawsomecouture.com.,fqdn
wiztopic.com.,fqdn
bonia.com.,fqdn
quokka.com.,fqdn
sahirajewelrydesign.com.,fqdn
gordiehoweinternationalbridge.com.,fqdn
flymacarthur.com.,fqdn
findinghomefarms.com.,fqdn
rma-trmc.org.,fqdn
aaprco.com.,fqdn
gojerusalem.com.,fqdn
suitechild.com.,fqdn
passengermusic.com.,fqdn
maeree.com.,fqdn
cocoalife.org.,fqdn
jabra.com.,fqdn
sheffieldforum.co.uk.,fqdn
clawhammersupply.com.,fqdn
editorafi.org.,fqdn
showmecables.com.,fqdn
herbsguide.net.,fqdn
telummedia.com.,fqdn
thatconference.com.,fqdn
uniquindio.edu.co.,fqdn
psychhub.com.,fqdn
woodturner.org.,fqdn
suitedash.com.,fqdn
toolswarehouse.com.au.,fqdn
meganleary.com.,fqdn
yaiskitchen.com.,fqdn
yapily.com.,fqdn
pure-bike.co.uk.,fqdn
lexch.com.,fqdn
shitthatiknit.com.,fqdn
bakhtarnews.af.,fqdn
ro-verdecasyno.com.,fqdn
loylecarner.com.,fqdn
bestforandroid.com.,fqdn
toys2discover.com.,fqdn
lakewayresortandspa.com.,fqdn
venezianocoffee.com.au.,fqdn
chabottengineering.com.,fqdn
aumfidelity.com.,fqdn
integralgroup.com.,fqdn
hqmix.com.br.,fqdn
chooseyourvenue.com.,fqdn
xn--4dbcyzi5a.com.,fqdn
hostinger.nl.,fqdn
hauteshoes.ca.,fqdn
newwavemagazine.com.,fqdn
yorkregion.com.,fqdn
rompetrol.ro.,fqdn
popternative.com.,fqdn
masoz.net.,fqdn
henrymayo.com.,fqdn
independentreserve.com.,fqdn
petitpan.com.,fqdn
anticafarmacista.com.,fqdn
holabeew.com.,fqdn
my918mega.com.,fqdn
wb.com.,fqdn
shoplazypants.com.,fqdn
centinelafeed.com.,fqdn
thetouchx.com.,fqdn
cooganlondon.com.,fqdn
metalsdepot.com.,fqdn
healthrangerstore.com.,fqdn
scottycameron.com.,fqdn
aicr.org.,fqdn
pinkivyshoes.net.,fqdn
accp.com.,fqdn
outgo.com.br.,fqdn
faradayskitchenstore.com.,fqdn
jayboymodz.com.,fqdn
ruspowerman.ru.,fqdn
clevelandgolf.com.,fqdn
brentwoodca.gov.,fqdn
llrmi.com.,fqdn
collive.com.,fqdn
entertimeonline.com.,fqdn
shorte.st.,fqdn
aleluyabcn.com.,fqdn
institutoidv.org.,fqdn
news.pn.,fqdn
poppyandsageco.com.,fqdn
killerspin.com.,fqdn
spigotmc.org.,fqdn
cscmp.org.,fqdn
br-gameaviator.com.,fqdn
solecentral.com.au.,fqdn
jeffersoncountywi.gov.,fqdn
mactools.com.,fqdn
favecrafts.com.,fqdn
stjosephmuseum.org.,fqdn
1xbetmobil1.com.,fqdn
vistaprint.nl.,fqdn
coneyislandfunguide.com.,fqdn
shopdunkin.com.,fqdn
auroragov.org.,fqdn
viedeparents.ca.,fqdn
dundalkfc.com.,fqdn
tobewornagain.com.,fqdn
housesandparties.com.,fqdn
premierbodyarmor.com.,fqdn
practicalperfectionut.com.,fqdn
seattlegoodwill.org.,fqdn
mypanier.com.,fqdn
sae.digital.,fqdn
skor.nl.,fqdn
cialisfstdelvri.com.,fqdn
mroyun.one.,fqdn
shooos.ro.,fqdn
utahskigear.com.,fqdn
manitobah.ca.,fqdn
junkbrands.com.,fqdn
secureproductswiki.com.,fqdn
ethernodes.org.,fqdn
iev.aero.,fqdn
toccotoscano.com.,fqdn
pkkb.ac.id.,fqdn
beamtx.com.,fqdn
vorticwatches.com.,fqdn
ryanhoover.me.,fqdn
metier.com.,fqdn
seubet-br.com.,fqdn
thehealthyfoodie.com.,fqdn
ticketland.ru.,fqdn
pbr.co.uk.,fqdn
reliablecorporation.com.,fqdn
techwatch.co.uk.,fqdn
cokhinganhin.com.,fqdn
gitman.com.,fqdn
clkbank.com.,fqdn
schd.ws.,fqdn
iconbazaar.com.,fqdn
aviator.co.,fqdn
new10.com.,fqdn
zblcdj.com.,fqdn
lstc.com.,fqdn
ivans.com.,fqdn
drewbinsky.com.,fqdn
rumsonnj.gov.,fqdn
frenchbull.com.,fqdn
gamrfirst.ch.,fqdn
gtmoriginal.com.,fqdn
codepal.ai.,fqdn
dueruote.it.,fqdn
bareknuckletattooandbarbershop.com.,fqdn
peaksrecovery.com.,fqdn
newportvineyards.com.,fqdn
phlur.com.,fqdn
chatgptfree.ai.,fqdn
magiccars.com.,fqdn
yunnankitchen.com.,fqdn
ce4less.com.,fqdn
retrotainmentgames.com.,fqdn
boucheron.com.,fqdn
daaz.com.,fqdn
verwarminghandel.nl.,fqdn
primopdf.com.,fqdn
electricmirror.com.,fqdn
destinythegame.com.,fqdn
widyatama.ac.id.,fqdn
zakaz-buketa.ru.,fqdn
arcticgardens.ca.,fqdn
solocal.com.,fqdn
republic.co.,fqdn
molloyhs.org.,fqdn
bitstamp.net.,fqdn
hawaiithreads.com.,fqdn
pafijawatengah.org.,fqdn
everysaving.ae.,fqdn
teespring.com.,fqdn
docnc.org.,fqdn
astctjournal.org.,fqdn
senat.pl.,fqdn
flyhomes.com.,fqdn
shoetree.io.,fqdn
scienceblog.com.,fqdn
halototoslot.foundation.,fqdn
oxygenetix.com.,fqdn
crazytime-apk.com.,fqdn
fireflyfriends.com.,fqdn
patchi.com.,fqdn
catholicexchange.com.,fqdn
iampsychiatry.com.,fqdn
game.co.uk.,fqdn
toolbox.com.,fqdn
pinupbet-uz.com.,fqdn
ekahau.com.,fqdn
peelorange.com.,fqdn
download-app-pinup.ru.,fqdn
tartepink.com.,fqdn
point3gear.com.,fqdn
yellowbustours.com.,fqdn
1xbet-skachat-mobile.ru.,fqdn
serpent-shop.com.,fqdn
taskrabbit.com.,fqdn
iahsaa.org.,fqdn
flygresor.se.,fqdn
alisadofrancesfrenchsgold.com.,fqdn
skylink.cz.,fqdn
ohea.org.,fqdn
angelrox.com.,fqdn
golobos.com.,fqdn
mountain-press.com.,fqdn
financieraelcorteingles.es.,fqdn
revistaveredas.com.br.,fqdn
stateline.org.,fqdn
bcscschools.org.,fqdn
ggbets.co.,fqdn
treatments.cf.,fqdn
ncsbn.org.,fqdn
istanbulescortnet.com.,fqdn
defu123.com.,fqdn
heartlanepharmacy.com.,fqdn
1winstr.com.,fqdn
flatmatefinders.com.au.,fqdn
thaiwatsadu.com.,fqdn
redcliff-nsn.gov.,fqdn
kleankanteen.co.uk.,fqdn
zilvia.net.,fqdn
vapehongkong.com.,fqdn
sharepointdiary.com.,fqdn
msufcu.org.,fqdn
deutschlandcard.de.,fqdn
plentyofbikes.com.,fqdn
leaddevelop.net.,fqdn
buplabs.com.,fqdn
primeinc.org.,fqdn
osde.com.ar.,fqdn
outdoorworlddirect.co.uk.,fqdn
probuilds.net.,fqdn
harivco.org.,fqdn
bulkbuddy.co.,fqdn
cyclinic.com.au.,fqdn
farmgirlflowers.com.,fqdn
greatbendpost.com.,fqdn
workboatshow.com.,fqdn
kaufleuten.ch.,fqdn
cityofgriffin.com.,fqdn
payiw.com.,fqdn
fixbetgiris.click.,fqdn
npg.org.uk.,fqdn
boattrader.com.,fqdn
naomedical.com.,fqdn
iqcent.com.,fqdn
stringnthread.com.,fqdn
mateeno.co.uk.,fqdn
alltheanime.com.,fqdn
hemnet.se.,fqdn
fryeburgacademy.org.,fqdn
aeraenergy.com.,fqdn
planprescriber.com.,fqdn
prescateamwear.com.,fqdn
rangerup.com.,fqdn
baltimorejewishlife.com.,fqdn
catalystcase.com.,fqdn
arcadianews.com.,fqdn
fol.nl.,fqdn
nvgtn.com.,fqdn
mercieruk.co.uk.,fqdn
momentum.hu.,fqdn
worthavegroup.com.,fqdn
lioncountrysafari.com.,fqdn
jumpsudbury.ca.,fqdn
aadibook.com.,fqdn
nextgenmemorials.com.,fqdn
onbuy.com.,fqdn
redaspenlove.com.,fqdn
equaljusticeworks.org.,fqdn
studiooneeightynine.com.,fqdn
reuter.com.,fqdn
kappit.com.,fqdn
mrcutout.com.,fqdn
britishcornershop.co.uk.,fqdn
bernhelmets.com.,fqdn
emersonlakepalmer.com.,fqdn
cumminsengines.com.,fqdn
charitypaws.com.,fqdn
4x4at.com.,fqdn
fhahoreca.com.,fqdn
mykyivregion.com.ua.,fqdn
pridesband.com.,fqdn
soloyal.co.,fqdn
projectals.org.,fqdn
dezeenjobs.com.,fqdn
metrobankonline.co.uk.,fqdn
vystarcu.org.,fqdn
360medicalcenters.com.,fqdn
burrataandbubbles.com.,fqdn
cloudheadgames.com.,fqdn
runningfactory.com.,fqdn
cannaraycbd.com.,fqdn
anphoblacht.com.,fqdn
airzena.com.,fqdn
scotsmart.com.,fqdn
bemaraki.com.,fqdn
styxworld.com.,fqdn
corsica-ferries.co.uk.,fqdn
knowyourteam.com.,fqdn
gamenguide.com.,fqdn
premium-hausarbeitschreiben.de.,fqdn
soosi.co.in.,fqdn
adaskor.fun.,fqdn
boseapac.com.,fqdn
urm.lt.,fqdn
placonference.org.,fqdn
familyhomeplans.com.,fqdn
brubaker-usa.com.,fqdn
bertheauxgrandspieds.com.,fqdn
dishingdelish.com.,fqdn
theinstituteforaddictionstudy.org.,fqdn
pdafans.com.,fqdn
proz.com.,fqdn
malbongolf.com.,fqdn
pharmacyonline.foundation.,fqdn
rescuefrenchbulldogs.org.,fqdn
curbsidecycle.com.,fqdn
realpropertymgt.com.,fqdn
reclamefolder.nl.,fqdn
usserviceanimals.org.,fqdn
myiknowchurch.co.uk.,fqdn
craftandglory.in.,fqdn
artglasssupplies.com.,fqdn
anniemos.com.,fqdn
littleme.com.my.,fqdn
kobi5.com.,fqdn
musto.com.,fqdn
minimadthings.com.,fqdn
davidmiscavige.org.,fqdn
pscu.com.,fqdn
avendrealouer.fr.,fqdn
getjackblack.com.,fqdn
opedge.com.,fqdn
ytpara.com.,fqdn
jenningsbrewery.co.uk.,fqdn
jackiepapandrew.com.,fqdn
thehouseoflrc.com.,fqdn
mandolinrestaurant.com.,fqdn
morgandetoi.fr.,fqdn
hebergtonserv.com.,fqdn
paslaugos.lt.,fqdn
ironplanet.com.au.,fqdn
parleecycles.com.,fqdn
27.ua.,fqdn
koio.co.,fqdn
boatsandoutboards.co.uk.,fqdn
tkt.ge.,fqdn
findhomesusa.com.,fqdn
bowers-wilkins.com.,fqdn
combustibles-gruchy.fr.,fqdn
cherishgirl.com.,fqdn
akuratgacor.online.,fqdn
redboxtools.com.,fqdn
engelslogistiek.nl.,fqdn
kosas.com.,fqdn
productionhub.com.,fqdn
sparbote.de.,fqdn
loctote.com.,fqdn
lawdepot.com.,fqdn
ansaldo.cl.,fqdn
shaw.ca.,fqdn
mogianahc.net.,fqdn
nextlevelburger.com.,fqdn
asthma.com.,fqdn
evscschools.com.,fqdn
rideoregonride.com.,fqdn
charterhouse-aquatics.com.,fqdn
gclubauto.net.,fqdn
austinprintings.com.,fqdn
pdinsurance.co.nz.,fqdn
royalroads.ca.,fqdn
deglingos.com.,fqdn
yachew.com.,fqdn
matt-thorn.com.,fqdn
eio.com.,fqdn
nccwwh.com.,fqdn
and.co.,fqdn
spark.ru.,fqdn
mosaicfoods.com.,fqdn
einstein.br.,fqdn
grundysshoes.com.au.,fqdn
rehs.com.,fqdn
greenwichacademy.org.,fqdn
maitreyaproject.org.,fqdn
mercadoactual.es.,fqdn
isaet.org.,fqdn
lisasfamilypizzeria.com.,fqdn
luxuryperfume.com.,fqdn
kingscross.co.uk.,fqdn
penfield.org.,fqdn
ebuyer.com.,fqdn
topeleven.com.,fqdn
helena-arkansas.com.,fqdn
boxerproperty.com.,fqdn
shamansmarket.com.,fqdn
kindredbravely.com.,fqdn
justhype.co.uk.,fqdn
toy-people.com.,fqdn
connoisseurusveg.com.,fqdn
medsindoors.com.,fqdn
siteminder.com.,fqdn
wilsonsautobody.com.,fqdn
vince.com.,fqdn
sw-soft.com.,fqdn
neustarlocaleze.biz.,fqdn
skoah.com.,fqdn
milimilu.com.,fqdn
ifyousayido.com.,fqdn
baixxar.com.br.,fqdn
instantcard.net.,fqdn
canadiensboutique.com.,fqdn
cfengine.com.,fqdn
bacakoran.co.,fqdn
neighborhoods.com.,fqdn
manningcartell.com.au.,fqdn
pedalclothing.co.,fqdn
terrafootwear.ca.,fqdn
offitkurman.com.,fqdn
rescompros.com.,fqdn
techvibes.com.,fqdn
snl24.com.,fqdn
silklaundry.com.,fqdn
adolfodominguez.com.,fqdn
goldenbearstore.com.,fqdn
ridgeandriver.com.,fqdn
mof.gov.ua.,fqdn
nana-massage.net.,fqdn
espacechristianepeugeot.org.,fqdn
wininformant.com.,fqdn
klrworld.com.,fqdn
bleacherbumcollectibles.com.,fqdn
ksmetals.com.,fqdn
littlewonderandco.com.,fqdn
sspx.org.,fqdn
theraband.com.,fqdn
jito.network.,fqdn
mcadmd.org.,fqdn
penza-gorod.ru.,fqdn
viridianweapontech.com.,fqdn
bremen-tourism.de.,fqdn
nigeriapropertycentre.com.,fqdn
skoll.me.,fqdn
inderscienceonline.com.,fqdn
youngwriters.co.uk.,fqdn
closedcasketactivities.com.,fqdn
coccinelle.nl.,fqdn
whollygenes.com.,fqdn
rayrickburn.com.,fqdn
visamiddleeast.com.,fqdn
jurysinns.com.,fqdn
paribus.co.,fqdn
cheddars.com.,fqdn
controlledchaoshair.com.,fqdn
joininuk.org.,fqdn
dannyda.com.,fqdn
charlesjencks.com.,fqdn
swisslife.fr.,fqdn
footedpajamas.com.,fqdn
myislandsubaru.com.,fqdn
orlebarbrown.com.,fqdn
18590.com.,fqdn
fun88kyc.com.,fqdn
wyomingwhiskey.com.,fqdn
aiha.org.,fqdn
wopilo.com.,fqdn
s3stores.com.,fqdn
1-go-casino.kz.,fqdn
clementoni.com.,fqdn
simplyheadsets.com.au.,fqdn
easternbikes.com.,fqdn
recipe-diaries.com.,fqdn
kirikomade.com.,fqdn
gifting-online.ca.,fqdn
leaguelane.com.,fqdn
murdermiletours.com.,fqdn
plinko-online-italy.com.,fqdn
dnaplainfield.com.,fqdn
impossible.sg.,fqdn
mapgenie.io.,fqdn
a-series.net.,fqdn
opera-masada.com.,fqdn
znanylekarz.pl.,fqdn
straw.page.,fqdn
friendsparodyontour.com.,fqdn
verdecasinos-hu.com.,fqdn
demolay.org.,fqdn
moshensk.ru.,fqdn
chai-research.com.,fqdn
jerseysmadeeasy.com.,fqdn
krincingemaszerofire.com.,fqdn
jansamarth.in.,fqdn
carvela.com.,fqdn
rosieassoulin.com.,fqdn
printzone.com.au.,fqdn
bringfido.com.,fqdn
earthplaza.jp.,fqdn
tennis-point.nl.,fqdn
spelamedspelpaus.org.,fqdn
coloriageetdessins.com.,fqdn
abcprom.com.,fqdn
fromanother.ca.,fqdn
naplesplayers.org.,fqdn
apoteket-online.dk.,fqdn
incubate-propagate.com.,fqdn
cavhooah.com.,fqdn
centrotecnologico.edu.mx.,fqdn
heavym.net.,fqdn
e-food.gr.,fqdn
akaislotplay.org.,fqdn
alpakagear.com.,fqdn
ttgtmedia.com.,fqdn
theme.net.cn.,fqdn
nantlisfashion.com.,fqdn
boxcloud.com.,fqdn
outofthewoods.com.,fqdn
ozelkartepetuanakizyurdu.com.,fqdn
backbonebmx.com.,fqdn
shopstartingate.com.,fqdn
emotiva.com.,fqdn
nl-casinozondercruks.com.,fqdn
solinftec.com.,fqdn
helveticalifestyle.com.,fqdn
bipartisanpolicy.org.,fqdn
domario.ru.,fqdn
ectorcountyisd.org.,fqdn
yalwa.nl.,fqdn
igkhair.com.,fqdn
usharbors.com.,fqdn
burtonmi.gov.,fqdn
hgsplyco.com.,fqdn
pinup-casino-24.com.,fqdn
daypassapp.com.,fqdn
nexusductservice.com.,fqdn
creg.gov.co.,fqdn
divoom.com.,fqdn
mirenesse.com.,fqdn
saudebusiness.com.,fqdn
pogoplug.com.,fqdn
959watd.com.,fqdn
gotomeeting.com.,fqdn
enter.online.,fqdn
rediscoveredfamilies.com.,fqdn
maritimeaquarium.org.,fqdn
layawayau.com.,fqdn
niceoo.com.,fqdn
yutasan.co.,fqdn
northumberlandnews.com.,fqdn
bike-science.com.,fqdn
aramco.com.,fqdn
imtra.com.,fqdn
londonluggage.co.uk.,fqdn
karlkani.com.,fqdn
aromas.es.,fqdn
keypowersports.my.,fqdn
gstyleusa.com.,fqdn
unionbay.com.,fqdn
autopawnohio.com.,fqdn
jestbahis.one.,fqdn
plantbasedonabudget.com.,fqdn
kumioils.com.,fqdn
fpdownload.macromedia.com.,fqdn
griiham.in.,fqdn
elamerican.com.,fqdn
smartmobilityworld.net.,fqdn
digital.nhs.uk.,fqdn
pureparima.com.,fqdn
sdmo-info.ru.,fqdn
dsfo.de.,fqdn
inapp.gov.it.,fqdn
parthenonfoods.com.,fqdn
jiuzhenhao.com.,fqdn
puckhcky.com.,fqdn
nudieglow.com.,fqdn
goodnet.gr.,fqdn
immuniweb.com.,fqdn
tk88.rodeo.,fqdn
trifield.com.,fqdn
journeycheck.com.,fqdn
merchantos.com.,fqdn
xtrafondos.com.,fqdn
sfaa.org.,fqdn
qvb.com.au.,fqdn
bola-88.fun.,fqdn
mcxindia.com.,fqdn
leket.org.,fqdn
kidsgrowth.com.,fqdn
clarins.ca.,fqdn
mostbetonline.pk.,fqdn
nailberry.co.uk.,fqdn
novipnoad.net.,fqdn
amuse.com.,fqdn
knowledge.ca.,fqdn
bigfeetpjs.com.,fqdn
smfgindiacredit.com.,fqdn
iomtt.com.,fqdn
germany2006.tv.,fqdn
umamimart.com.,fqdn
springnaturalkitchen.com.,fqdn
bolvaint.com.,fqdn
jcehepatology.com.,fqdn
totohot.net.,fqdn
heraldpalladium.com.,fqdn
lebrusanstudio.com.,fqdn
clinicasantamaria.cl.,fqdn
mysisterscloset.com.,fqdn
mambiznes.pl.,fqdn
sociablelabs.com.,fqdn
combohr.com.,fqdn
on2url.com.,fqdn
enjukuracing.com.,fqdn
colegiodelabici.edu.co.,fqdn
trubrain.com.,fqdn
adkad.com.,fqdn
1xbetmorocco1.com.,fqdn
tribuneindia.com.,fqdn
takoutny.com.,fqdn
skinpixel.co.uk.,fqdn
texashillcountryoliveco.com.,fqdn
ocalafl.gov.,fqdn
fridaysforfuturebrasil.org.,fqdn
nichibei.org.,fqdn
betandyoutr.com.,fqdn
picknweight.de.,fqdn
dmww.com.,fqdn
mypersonaltrainerwebsite.com.,fqdn
parkimeter.com.,fqdn
tribunedelyon.fr.,fqdn
shoparteresalynn.com.,fqdn
p3campus.com.,fqdn
dafi.pl.,fqdn
undelucram.ro.,fqdn
catherines.com.,fqdn
artradarjournal.com.,fqdn
zzhrx.com.,fqdn
sujajuice.com.,fqdn
sthb.ac.id.,fqdn
rarespecies.org.,fqdn
ebay.us.,fqdn
renovationreserve.com.,fqdn
mohitgoyal.co.,fqdn
beatboxbeverages.com.,fqdn
sanlorenzohawaii.com.,fqdn
dogobooks.com.,fqdn
goforthgoods.com.,fqdn
shelfies.com.,fqdn
sloth.gr.jp.,fqdn
dwtn.nl.,fqdn
visitcripplecreek.com.,fqdn
1win-apk-azerbaycan-yukle.com.,fqdn
spplus.com.,fqdn
joe.co.uk.,fqdn
cookingchatfood.com.,fqdn
goodordering.com.,fqdn
kinderfonds.nl.,fqdn
lorettochapel.com.,fqdn
sailblogs.com.,fqdn
ukrweekly.com.,fqdn
purplle.com.,fqdn
maddogsdoc.com.,fqdn
mercadolivre.com.,fqdn
mytoque.com.,fqdn
bas-ip.ru.,fqdn
feedz.com.br.,fqdn
washtimes.com.,fqdn
betragiris.icu.,fqdn
riocokidswear.com.,fqdn
vonage.co.uk.,fqdn
electrickicks.com.au.,fqdn
tradera.se.,fqdn
hardwareportal.ru.,fqdn
segashop.co.uk.,fqdn
pyramidhill.org.,fqdn
freemius.com.,fqdn
casinoslot.icu.,fqdn
revvity.com.,fqdn
vinfast.vn.,fqdn
pitcrew.nz.,fqdn
aappublications.org.,fqdn
vinesse.com.,fqdn
risco.ro.,fqdn
mrpennarak.com.,fqdn
huemor.rocks.,fqdn
giris-mariobet.com.,fqdn
amorequi.net.,fqdn
level1productions.com.,fqdn
bronto.com.,fqdn
smashinn.com.,fqdn
dioceseduluth.org.,fqdn
nativecos.com.,fqdn
sootthaengball.com.,fqdn
fnmgroup.it.,fqdn
monaco-chicago.com.,fqdn
ambbets.com.,fqdn
lrmer.com.,fqdn
famousinreal.life.,fqdn
gud2know.com.,fqdn
weui.io.,fqdn
mdnr-elicense.com.,fqdn
paperpumpkin.com.,fqdn
wbc247-kor.com.,fqdn
businesssupporting.com.,fqdn
homesteadsupplier.com.,fqdn
elemis.com.,fqdn
theraggedpriest.com.,fqdn
pasionrojagt.com.,fqdn
icitech.org.,fqdn
thepixelfarm.co.uk.,fqdn
martinhajek.com.,fqdn
plasticsconverters.eu.,fqdn
scootle.edu.au.,fqdn
nyac.org.,fqdn
busbyandfox.com.,fqdn
tarbut.edu.mx.,fqdn
swiftbook.io.,fqdn
localgirlhookup.org.,fqdn
skillfulteaching.com.,fqdn
budapestmarkethall.com.,fqdn
1xbetbangladesh.click.,fqdn
sdkells.co.uk.,fqdn
lnm.lt.,fqdn
japannext.com.,fqdn
daytonastate.edu.,fqdn
fayetteville-ga.gov.,fqdn
ebay.ca.,fqdn
unltd.ca.,fqdn
usakilts.com.,fqdn
teemill.com.,fqdn
ajo.com.,fqdn
fishersci.se.,fqdn
jcwesternwear.com.,fqdn
casaamore-international.com.,fqdn
webulk.bio.,fqdn
regalresolutionteam.com.,fqdn
maltajobs.com.mt.,fqdn
xn--megsb-l11b.com.,fqdn
bike-treks.co.uk.,fqdn
bedavaslotoyunlarioyna1.com.,fqdn
jornaldeuberaba.com.br.,fqdn
nccaom.org.,fqdn
kentcasino-slots.ru.,fqdn
affordabledentures.com.,fqdn
ideal-house.ru.,fqdn
top-australian-casinos.com.,fqdn
cheekyrascals.co.uk.,fqdn
eatbobos.com.,fqdn
supplychaindigital.com.,fqdn
thecliffbarbados.com.,fqdn
gillcapital.com.sg.,fqdn
fatboy.com.,fqdn
aromaexclusive.com.,fqdn
quantockhills.com.,fqdn
laprensani.com.,fqdn
franklinplanner.com.,fqdn
arcanefox.com.,fqdn
esure.com.,fqdn
americandreamnutbutter.com.,fqdn
daynoimi.net.,fqdn
ruby-chen.com.,fqdn
lc.org.,fqdn
dfsa.ae.,fqdn
ebrosia.de.,fqdn
cellosolartv.com.,fqdn
makeandtell.com.,fqdn
temeculablogs.com.,fqdn
peterglenn.com.,fqdn
babyonline.co.nz.,fqdn
proofreadingservices.com.,fqdn
screendigest.com.,fqdn
cougarpaws.com.,fqdn
bitscrunch.com.,fqdn
peoplelooker.com.,fqdn
heritagestore.com.,fqdn
ariadneathome.nl.,fqdn
peru-retail.com.,fqdn
sabrinascloset.com.,fqdn
mostbetuzbekiston.com.,fqdn
casinos-argentino.com.,fqdn
giro.com.,fqdn
jokerscostumemegastore.com.au.,fqdn
toyshine.in.,fqdn
caribfind.tel.,fqdn
tamankawan.site.,fqdn
hostinger.ae.,fqdn
veracityglobal.com.,fqdn
carlyna.com.,fqdn
kaidan136.com.,fqdn
chargriller.com.,fqdn
barrett-jackson.com.,fqdn
reluctanttrading.com.,fqdn
killerstartups.com.,fqdn
flvetbehavior.com.,fqdn
mostbetuzoyin.com.,fqdn
divinechocolateusa.com.,fqdn
tambet.sbs.,fqdn
happytailpuppies.com.,fqdn
nxnews.net.,fqdn
routeone.net.,fqdn
getcruise.com.,fqdn
theboxsf.com.,fqdn
fifaindex.com.,fqdn
twohandspaperie.com.,fqdn
hititbetgiris.xyz.,fqdn
bklyn-genealogy-info.com.,fqdn
nova24tv.si.,fqdn
smalofts.co.uk.,fqdn
ymcahonolulu.org.,fqdn
ebora.nl.,fqdn
cmdvn.cn.,fqdn
logomark.com.,fqdn
milka.fr.,fqdn
webm2.dk.,fqdn
pmo.gov.bb.,fqdn
thehawaiistore.com.,fqdn
hmmyok.com.,fqdn
eldoradofurniture.com.,fqdn
trailcampro.com.,fqdn
williamsondailynews.com.,fqdn
shoefad.com.,fqdn
warmrooms.co.uk.,fqdn
house.pl.,fqdn
thestationerystudio.com.,fqdn
activityconnection.com.,fqdn
bountifulbaby.com.,fqdn
gavereleather.net.,fqdn
tstindustries.com.,fqdn
postalannex.com.,fqdn
southelgin.com.,fqdn
socalhomebuyers.com.,fqdn
fantasyflightgames.com.,fqdn
asaucykitchen.com.,fqdn
polymaker.com.,fqdn
palmangels.com.,fqdn
imon.net.,fqdn
audiobooks.co.uk.,fqdn
robaxin.lol.,fqdn
enjoylifefoods.com.,fqdn
njgamblingsites.com.,fqdn
ilsr.org.,fqdn
dankmemer.lol.,fqdn
channelclassics.com.,fqdn
nestlingkids.com.,fqdn
huarenjie.net.,fqdn
heckofalope.com.,fqdn
avalonbreads.net.,fqdn
progulkipomoskve.ru.,fqdn
yde.co.za.,fqdn
jiligame.in.,fqdn
leetchi.com.,fqdn
ambev.com.br.,fqdn
wildhornoutfitters.com.,fqdn
haphong.edu.vn.,fqdn
coladaily.com.,fqdn
greenmountaindiapers.com.,fqdn
eesystem.com.,fqdn
rinabet.click.,fqdn
clothedwithtruth.com.,fqdn
foreignaffairs.gov.mt.,fqdn
edelmanfinancialengines.com.,fqdn
monkeyleague.io.,fqdn
shopsector.com.,fqdn
career.org.,fqdn
scalefunder.com.,fqdn
onecondoms.com.,fqdn
paradigmadigital.com.,fqdn
lilly.es.,fqdn
betti-casino-uk.com.,fqdn
jack-wolfskin.de.,fqdn
canvas4everyone.com.,fqdn
goeuro.com.,fqdn
mestergronn.no.,fqdn
thingworx.com.,fqdn
golfdiscount.com.,fqdn
yccteam.com.,fqdn
wtaps.com.,fqdn
siajewellery.com.,fqdn
sundaynews.co.zw.,fqdn
milavert.com.,fqdn
getmerlin.in.,fqdn
disneyinteractive.com.,fqdn
nykaafashion.com.,fqdn
supplyhouse.com.,fqdn
atlantathrashers.com.,fqdn
circulodecredito.com.mx.,fqdn
niod.com.,fqdn
smartone-iptv.com.,fqdn
fluchos.es.,fqdn
interstateplastics.com.,fqdn
digift.sg.,fqdn
souman.nl.,fqdn
foodbev.cn.,fqdn
diymotofix.com.,fqdn
nmag.gov.,fqdn
employerlawreport.com.,fqdn
apextactical.com.,fqdn
thestateless.com.,fqdn
mbokmu.one.,fqdn
peoplescaremedicalsupply.shop.,fqdn
bekabet.cfd.,fqdn
accutane.one.,fqdn
igamingbrazil.com.,fqdn
bitchesgirlz.com.,fqdn
xchair.com.,fqdn
centerard.ru.,fqdn
culture21.ru.,fqdn
mauidivers.com.,fqdn
trotters.co.uk.,fqdn
fitness.gov.,fqdn
shrimptoncouture.com.,fqdn
mbbank.com.vn.,fqdn
ebbo.com.,fqdn
cracking.org.,fqdn
onlinecuteshoes.com.,fqdn
crewbikeco.com.,fqdn
expomap.ru.,fqdn
raq.org.au.,fqdn
makeliverpool.com.,fqdn
airmeet.com.,fqdn
casinolevant.cfd.,fqdn
fjallraven.com.au.,fqdn
decathlon.it.,fqdn
chizhouwenhua.com.,fqdn
eurosiz.ua.,fqdn
melbet-sportsbook.com.,fqdn
visionlab.es.,fqdn
shudder.com.,fqdn
burnt.com.,fqdn
essexkilns.com.,fqdn
makerflocrafts.com.,fqdn
ttsdschools.org.,fqdn
fabet.ink.,fqdn
ibankcoin.com.,fqdn
bikester.fr.,fqdn
calltothepen.com.,fqdn
elektrika.ua.,fqdn
rinsekit.com.,fqdn
paulmilnescycles.com.,fqdn
luckyduck-casino-apk.ru.,fqdn
archdpdx.org.,fqdn
cherishedemblems.com.,fqdn
shoelace.com.,fqdn
emeraldaircleaners.com.,fqdn
eid.gov.mt.,fqdn
usbgear.com.,fqdn
jbs.org.,fqdn
naturesbakery.com.,fqdn
consuelastore.com.,fqdn
nkh.gov.hu.,fqdn
dfndusa.com.,fqdn
eventdove.com.,fqdn
educaciodigital.cat.,fqdn
bulbhead.com.,fqdn
xn--80abmambabkk3avmbjkc2qrc.xn--p1ai.,fqdn
readywise.com.,fqdn
petcube.com.,fqdn
hostnine.com.,fqdn
coronadoleather.com.,fqdn
lacabra.dk.,fqdn
zooplus.se.,fqdn
everythingfor420.com.,fqdn
ko1xbet.com.,fqdn
cancersupportcommunity.org.,fqdn
chordtela.com.,fqdn
chainsawr.com.,fqdn
fontkeren.com.,fqdn
amerigo.net.,fqdn
crazydomains.co.uk.,fqdn
wells.pt.,fqdn
footlocker.com.eg.,fqdn
india1xbet-apk.com.,fqdn
thebabysroom.co.,fqdn
facetdermatology.com.,fqdn
creationinfoplus.com.,fqdn
sugarrush-demotr.com.,fqdn
virtual-strategy.com.,fqdn
infideas.com.,fqdn
thepharmakonllc.com.,fqdn
roofsquad.com.,fqdn
maandhan.in.,fqdn
gymnasium4.ru.,fqdn
elegantbridal.com.,fqdn
orangesherbet.com.au.,fqdn
readingglasses.com.,fqdn
kidneyregistry.org.,fqdn
azdigi.com.,fqdn
earthbits.com.,fqdn
blocktrade.com.,fqdn
runtherock.com.,fqdn
mmc33.net.,fqdn
proboards100.com.,fqdn
bossman.com.,fqdn
eigenphi.io.,fqdn
perthairport.com.au.,fqdn
aip2023.com.,fqdn
chelseadogs.com.,fqdn
myeg.com.my.,fqdn
bathtubginnyc.com.,fqdn
dimmakcollection.com.,fqdn
petmeds.com.,fqdn
8kbets.best.,fqdn
menstuxedousa.com.,fqdn
hyped.sg.,fqdn
acate.com.br.,fqdn
yourthreads.co.,fqdn
this.ne.jp.,fqdn
boulderlocavore.com.,fqdn
trustnodes.com.,fqdn
pinup-giris-tr.com.,fqdn
pauwelsconsulting.com.,fqdn
boardroomadventures.com.,fqdn
athletic-club.eus.,fqdn
omusa.org.,fqdn
dinersdriveinsdiveslocations.com.,fqdn
esportsparra.com.,fqdn
atlantic-cable.com.,fqdn
queens-br.com.,fqdn
seniorly.com.,fqdn
expedia.co.jp.,fqdn
atitus.edu.br.,fqdn
alliedcycleworks.com.,fqdn
l-t.de.,fqdn
sactownmag.com.,fqdn
meditationmount.org.,fqdn
thehour.com.,fqdn
kuwinzhz.com.,fqdn
sainly.com.,fqdn
snowshoemtn.com.,fqdn
rubyscafe.com.,fqdn
jezelle.com.,fqdn
bellaallnatural.com.,fqdn
kievcity.gov.ua.,fqdn
giftr.sg.,fqdn
pinkchicken.com.,fqdn
altiusdirectory.com.,fqdn
bellpal.com.,fqdn
cloudcontrolband.com.,fqdn
urbandictionary.store.,fqdn
orijen.ca.,fqdn
cygnett.com.,fqdn
milano-pro-sport.com.,fqdn
moonwell.fi.,fqdn
ledlichtdiscounter.nl.,fqdn
wattstowers.org.,fqdn
georgetownma.gov.,fqdn
enlineadirecta.info.,fqdn
dtek-kem.com.ua.,fqdn
johnboos.com.,fqdn
proshop.nl.,fqdn
arval.com.,fqdn
johnbellcroyden.co.uk.,fqdn
canterburytales.org.,fqdn
broadpeak.tv.,fqdn
canadianjournalofophthalmology.ca.,fqdn
3dconnexion.com.,fqdn
ksbar.org.,fqdn
allensboots.com.,fqdn
afya.com.br.,fqdn
imandra.ai.,fqdn
simyo.es.,fqdn
blitz.gg.,fqdn
quietlight.com.,fqdn
suntancity.com.,fqdn
nil.store.,fqdn
pamelasproducts.com.,fqdn
skandia.se.,fqdn
1win-kz-casino.kz.,fqdn
thisibelieve.org.,fqdn
happypuppy.com.,fqdn
casinoly.com.,fqdn
havecamerawilltravel.com.,fqdn
flexdog.com.,fqdn
adobike.nl.,fqdn
neonmama.com.,fqdn
nestlearning.com.,fqdn
hotchillys.com.,fqdn
holloshoe.com.,fqdn
bigrocksupply.com.,fqdn
healthybluemedicaid.top.,fqdn
sequelquestpod.com.,fqdn
ucha.se.,fqdn
pencarrie.com.,fqdn
simplemodern.com.,fqdn
tokei365.org.,fqdn
fourwindsgrowers.com.,fqdn
apqc.org.,fqdn
freeyabb.com.,fqdn
booster.com.,fqdn
chaserbrand.com.,fqdn
holidayme.com.,fqdn
blondo.com.,fqdn
lauriebelles.com.,fqdn
wowtv.de.,fqdn
icebarrel.com.,fqdn
yodayo.com.,fqdn
dumanbetyenigiris.com.,fqdn
sip-scootershop.com.,fqdn
shoethebear.us.,fqdn
sundayswagger.com.,fqdn
tennispro.eu.,fqdn
matthewkeys.net.,fqdn
hemptons.co.za.,fqdn
gcyouthministries.org.,fqdn
mostbetnorwayonline.com.,fqdn
idagent.com.,fqdn
digitec.ch.,fqdn
jobstreet.com.my.,fqdn
jenshansen.com.,fqdn
fabianomoratoimoveis.com.br.,fqdn
zigzagdigital.com.,fqdn
rigidhitch.com.,fqdn
ransslot88n.com.,fqdn
reply.io.,fqdn
shoesfulcrum.com.,fqdn
bastrucks.com.,fqdn
informaticsjournals.com.,fqdn
thesiskiss.com.,fqdn
annetouraine.com.,fqdn
nordicoil.de.,fqdn
tryruby.org.,fqdn
mountainmoverz.com.,fqdn
houseofharlow1960.com.,fqdn
westernsoul.com.,fqdn
kaffe-clothing.com.,fqdn
gsap.com.,fqdn
las.ch.,fqdn
tiara.com.sg.,fqdn
whileshesleeps.com.,fqdn
peaksandpedalsgear.com.,fqdn
koop.co.nz.,fqdn
ozstraps.com.au.,fqdn
benzara.com.,fqdn
joannabuchanan.com.,fqdn
dusseldorpbmw.nl.,fqdn
philwood.com.,fqdn
melrosehoteldc.com.,fqdn
talesoftavern.com.,fqdn
rdale.org.,fqdn
paymentexpert.com.,fqdn
vastrachowk.com.,fqdn
eucasinoutansvensklicens.se.,fqdn
nspower.ca.,fqdn
news-mostbet-es.com.,fqdn
basicslife.com.,fqdn
diabetesjournals.org.,fqdn
henglianmx.com.,fqdn
shefit.com.,fqdn
overboardcanada.ca.,fqdn
bubbleshare.com.,fqdn
thefork.nl.,fqdn
reservesupplycompany.com.,fqdn
fanbase.com.,fqdn
geyanw.com.,fqdn
radk.ru.,fqdn
mrbet-de.com.,fqdn
janesnyderart.com.,fqdn
maisonmartinmargiela.com.,fqdn
nmaam.org.,fqdn
rpxcorp.com.,fqdn
mariobet-casinos.com.,fqdn
mypamperedlifeseattle.com.,fqdn
poochandmutt.co.uk.,fqdn
new-line.com.,fqdn
airandgracelondon.com.,fqdn
ever-eden.com.,fqdn
realty.com.,fqdn
progearbikes.com.au.,fqdn
discover-echo.com.,fqdn
electioncenter.org.,fqdn
dataguidance.com.,fqdn
lilylolo.co.uk.,fqdn
mcwcasino.club.,fqdn
fb68.technology.,fqdn
mostbetaz777.com.,fqdn
addtelegrammember.com.,fqdn
lifehousemusic.com.,fqdn
trainline.eu.,fqdn
dolcielondon.com.,fqdn
chinacourt.org.,fqdn
ensamble.info.,fqdn
canadianfeedthechildren.ca.,fqdn
gooutside.com.br.,fqdn
watchaser.com.,fqdn
dreamworksdirect.com.,fqdn
engineeredtoslide.com.,fqdn
evidenceinvestor.com.,fqdn
wildminimalist.com.,fqdn
happyandpolly.com.,fqdn
flightroutes.com.,fqdn
letsignit.com.,fqdn
hiexpress.com.,fqdn
avacon.de.,fqdn
superpro.com.au.,fqdn
mamoriginals.com.,fqdn
jansport.ca.,fqdn
totalmerchantservices.com.,fqdn
square.site.,fqdn
tappara.fi.,fqdn
delas.pt.,fqdn
testbericht.de.,fqdn
groundworkscompanies.com.,fqdn
markmonitor.com.,fqdn
strengthwarehouseusa.com.,fqdn
ekstraklasa.net.,fqdn
qh88wt.com.,fqdn
zetcasino.com.,fqdn
nestedbean.com.,fqdn
avec.fr.,fqdn
gamingthelottery.org.,fqdn
natureworldnews.com.,fqdn
permitsearch.net.,fqdn
calottery.com.,fqdn
oneblockdown.it.,fqdn
utrum.io.,fqdn
cens.com.,fqdn
balancepro.org.,fqdn
gladbachlive.de.,fqdn
itsjustwings.com.,fqdn
adams-music.com.,fqdn
btcprivate.org.,fqdn
clicrdv.com.,fqdn
catfootwear.com.,fqdn
mosinform.ru.,fqdn
quorum.us.,fqdn
coren-sp.gov.br.,fqdn
jobinplanet.com.,fqdn
balanceone.com.,fqdn
ellesilk.com.,fqdn
propertycouncil.com.au.,fqdn
payettecounty.org.,fqdn
arkansasonline.com.,fqdn
campsites.co.uk.,fqdn
walkerscelticjewelry.com.,fqdn
global14.com.,fqdn
leukstetickets.nl.,fqdn
uscareerinstitute.edu.,fqdn
eleague.com.,fqdn
ezclocker.com.,fqdn
webershandwick.co.uk.,fqdn
ctm.co.za.,fqdn
wiimmfi.de.,fqdn
thehendersonnews.com.,fqdn
adventisthealthcare.com.,fqdn
wndygc.com.,fqdn
lundhumphries.com.,fqdn
jupiterbahis.sbs.,fqdn
accuplacer.org.,fqdn
helloprenup.com.,fqdn
1xbet-skachat-new.ru.,fqdn
xdsbikeco.com.,fqdn
unex-tech.com.,fqdn
sea-ny.com.,fqdn
trufflesuite.com.,fqdn
premium-akadeule.de.,fqdn
dewacsn889.org.,fqdn
cratosroyalbet.lat.,fqdn
bluecompassrv.com.,fqdn
hitraveltales.com.,fqdn
lastmilepev.com.,fqdn
aboutthedata.com.,fqdn
hellofresh.de.,fqdn
fortunetiger-game-slot.com.,fqdn
cfraresearch.com.,fqdn
fispalfoodservice.com.br.,fqdn
cctech.edu.,fqdn
teamvvv.com.,fqdn
relatedargent.co.uk.,fqdn
apricotonline.com.,fqdn
drgreger.org.,fqdn
gmktec.com.,fqdn
spicekitchenuk.com.,fqdn
vendecommerce.com.,fqdn
bookatable.co.uk.,fqdn
paranashop.com.br.,fqdn
zabars.com.,fqdn
explorit.org.,fqdn
eyeonearthsummit.org.,fqdn
blackfridaydeals.nu.,fqdn
vaporboss.com.,fqdn
titleist.co.uk.,fqdn
mindtools.com.,fqdn
perfectloans24.com.,fqdn
gaithersburgmd.gov.,fqdn
24hourcampfire.com.,fqdn
virtus.com.,fqdn
caledonenterprise.com.,fqdn
idwall.co.,fqdn
cervejariacolorado.com.br.,fqdn
jackpotbob.com.,fqdn
idsi.md.,fqdn
advocatehealth.com.,fqdn
arkopharma.com.,fqdn
thinkib.net.,fqdn
westchestermagazine.com.,fqdn
smilebox.com.,fqdn
alrugaibfurniture.com.,fqdn
meyercanada.ca.,fqdn
autobarn.com.au.,fqdn
glamagalparty.com.,fqdn
vivrelejapon.com.,fqdn
irobot.ca.,fqdn
economiza.com.,fqdn
astrogallery.com.,fqdn
partidoliberal.org.br.,fqdn
heinzketchup.com.,fqdn
kinkbmx.com.,fqdn
philcoulter.com.,fqdn
mollyevelyphotography.com.,fqdn
goodwillfinds.com.,fqdn
lily-jade.com.,fqdn
rainbowroom.com.,fqdn
insidersport.com.,fqdn
hoteliermiddleeast.com.,fqdn
opower.com.,fqdn
lacitysan.org.,fqdn
winnerssportswear.com.,fqdn
adjusterpro.com.,fqdn
quidax.io.,fqdn
bestvalueschools.org.,fqdn
hotspurhq.com.,fqdn
eclipsefoods.com.,fqdn
yoursurprise.nl.,fqdn
funenokagakukan.or.jp.,fqdn
moonmagic.com.,fqdn
rothschildandco.com.,fqdn
fonbet-stavki-apk.ru.,fqdn
buybrakes.com.,fqdn
territoryfoods.com.,fqdn
wildone.com.,fqdn
skrewballwhiskey.com.,fqdn
sband.org.,fqdn
ker.com.,fqdn
bernco.gov.,fqdn
bestbusinesscoachindia.com.,fqdn
quicklane.com.,fqdn
anerdcooks.com.,fqdn
lacoste.sa.,fqdn
leftbank.com.,fqdn
filmmodu.nl.,fqdn
replicawatches.mx.,fqdn
fivem-mods.com.,fqdn
tarafbetgiris.click.,fqdn
absolutelykona.com.,fqdn
davenportiowa.com.,fqdn
autossegredos.com.br.,fqdn
nettiauto.com.,fqdn
lussocitta.com.,fqdn
rockaway.com.,fqdn
coracoffeeco.com.,fqdn
doors.nyc.,fqdn
inspirefitness.com.,fqdn
hippieshop.com.,fqdn
ebay.at.,fqdn
a4m.com.,fqdn
elitesalondayspa.com.,fqdn
snoozeeatery.com.,fqdn
avery.nl.,fqdn
coyotecafe.com.,fqdn
letsmakeaplan.org.,fqdn
easyapplianceparts.com.,fqdn
grbets.xyz.,fqdn
pyrex.eu.,fqdn
fully.com.,fqdn
tidelift.com.,fqdn
changwon-ymassage.com.,fqdn
ricici.com.,fqdn
spar.hr.,fqdn
bikesterglobal.com.,fqdn
irdpo.ru.,fqdn
brillare.ca.,fqdn
onehoneyboutique.com.,fqdn
interiorsonline.com.au.,fqdn
keepersecurity.com.,fqdn
vinegarsyndrome.com.,fqdn
sfvbj.com.,fqdn
sheetmusicplus.com.,fqdn
womaness.com.,fqdn
alhoot-palace.com.,fqdn
broxap.com.,fqdn
porsche-minvody.ru.,fqdn
buildertrend.net.,fqdn
kolomna-speed-skating.com.,fqdn
elevatedfaith.com.,fqdn
advocatehealth.org.,fqdn
santevia.com.,fqdn
atreyurock.com.,fqdn
heatonsstores.com.,fqdn
detiklink.com.,fqdn
dhem-france.com.,fqdn
psthc.fr.,fqdn
okcoin.com.,fqdn
donnaomamma.it.,fqdn
bachelorarbeit-schreiben-lassen.com.,fqdn
frizzoff.com.,fqdn
vikingdirect.ie.,fqdn
americanbank.com.,fqdn
remoteok.io.,fqdn
attacmadrid.org.,fqdn
upstate.edu.,fqdn
springstepshoes.com.,fqdn
stoegerindustries.com.,fqdn
iographer.com.,fqdn
78winlogin.com.,fqdn
darklithorror.com.,fqdn
ostrovfantaziy.ru.,fqdn
abracon.com.,fqdn
steroidesafe.com.,fqdn
thebrunswicknews.com.,fqdn
classywomencollection.com.,fqdn
ecoverdirect.com.,fqdn
harleybenton.com.,fqdn
rtm.com.,fqdn
starsandtarot.com.,fqdn
huntoffice.co.uk.,fqdn
groceriesapparel.com.,fqdn
thmarinesupplies.com.,fqdn
nejm.org.,fqdn
parallel.life.,fqdn
insidetracker.com.,fqdn
xpostands.com.,fqdn
brawn.co.,fqdn
phoebehealth.com.,fqdn
earthythailand.com.,fqdn
slivoff.com.,fqdn
michelinepitt.com.,fqdn
up.edu.br.,fqdn
gutteridge.com.,fqdn
dhammasukha.org.,fqdn
online-sports-shop.co.uk.,fqdn
lostrivercave.org.,fqdn
traversbikes.com.,fqdn
newsitem.com.,fqdn
sarawakjobs.com.,fqdn
lenderhomepage.com.,fqdn
haupcar.com.,fqdn
thebigdomain.com.,fqdn
pecherestaurant.com.,fqdn
santafesprings.org.,fqdn
capper-league.ru.,fqdn
asdowns.com.,fqdn
bedavabahis.net.,fqdn
bikeriser.com.,fqdn
aabany.org.,fqdn
luckysmarket.com.,fqdn
palladiumboots.fr.,fqdn
drleaf.com.,fqdn
bigfishroofing.com.,fqdn
komodo.co.uk.,fqdn
noirfootwear.com.,fqdn
boardgamebliss.com.,fqdn
podsights.com.,fqdn
marloushoes.com.,fqdn
makerworld.com.,fqdn
myfamilymobile.com.,fqdn
mostbettopz.com.,fqdn
evolution-house.ru.,fqdn
betti-uklogin.com.,fqdn
thuisschoonmaken.nl.,fqdn
crepmovement.com.,fqdn
7uu.net.,fqdn
treesofantiquity.com.,fqdn
watches.com.,fqdn
www.bitgo.uk.,fqdn
barokafunerals.co.za.,fqdn
heyspin.com.,fqdn
autods.com.,fqdn
mustangheritagefoundation.org.,fqdn
vinos.de.,fqdn
idyllwind.com.,fqdn
mcguirearmynavy.com.,fqdn
casino-bet-pin-up-br.com.,fqdn
eddiebauer.com.,fqdn
cityofkokomo.org.,fqdn
stealth.com.,fqdn
livesoccertv.com.,fqdn
thepitchkc.com.,fqdn
twistintwirlintutus.com.,fqdn
jiading.gov.cn.,fqdn
denimheads.cz.,fqdn
preciouscore.com.,fqdn
radleychevrolet.com.,fqdn
partstown.com.,fqdn
mutebank.co.uk.,fqdn
franklincountync.us.,fqdn
hellofresh.com.,fqdn
fishing.net.nz.,fqdn
lethato.com.,fqdn
omnilife.com.,fqdn
hielscher.com.,fqdn
1winbet-giris-tr.com.,fqdn
smashtess.com.,fqdn
visitcalaveras.org.,fqdn
olesmoky.com.,fqdn
indianexpress.com.,fqdn
soccermanager.com.,fqdn
asromafansclub.com.,fqdn
kooziegroup.com.,fqdn
vchapmanstudio.com.,fqdn
prtl.pl.,fqdn
hurma.work.,fqdn
mymarcopolo.com.,fqdn
vulkanvegascasinospiele.com.,fqdn
clksupplies.com.,fqdn
leveluprn.com.,fqdn
pushbikes.co.nz.,fqdn
hotmatchcollectables.com.,fqdn
meghantelpner.com.,fqdn
ctemploymentlawblog.com.,fqdn
fragosoturismo.com.,fqdn
inez.com.,fqdn
cyland.org.,fqdn
scr4.co.,fqdn
laurageller.com.,fqdn
ironphoenix.org.,fqdn
ctic.com.,fqdn
feinkost-kaefer.de.,fqdn
reka.ai.,fqdn
runi.ac.il.,fqdn
starwars.com.,fqdn
novalia.co.uk.,fqdn
gputechconf.com.,fqdn
sohohouseny.com.,fqdn
charterhall.com.au.,fqdn
meybod.net.,fqdn
vatvostudio.vn.,fqdn
chinchillanews.com.au.,fqdn
pspl.com.,fqdn
parierenbelgique.be.,fqdn
azucaricecream.com.,fqdn
mtfca.com.,fqdn
saintgeorgespreschool.com.,fqdn
magicsleepsuit.com.,fqdn
mureandgrand.com.,fqdn
ggpartners.com.,fqdn
casinosonlineslot.fun.,fqdn
heil-hvac.com.,fqdn
seattlesbest.com.,fqdn
1wins-ar.net.,fqdn
ourmoneymarket.com.,fqdn
governmentresume.org.,fqdn
councilfordisabledchildren.org.uk.,fqdn
popcast88.com.,fqdn
jbalvin.com.,fqdn
popfigures.com.,fqdn
bfa.com.,fqdn
alphabetthemes.com.,fqdn
bettiltt.com.,fqdn
cityofpacificgrove.org.,fqdn
spectrumlaserlights.com.,fqdn
patogupirkti.lt.,fqdn
groupenovatech.com.,fqdn
originalgrain.com.,fqdn
cheshuntteamministry.org.uk.,fqdn
joyeshop.ru.,fqdn
databreaches.net.,fqdn
ethique.co.nz.,fqdn
academicstudiespress.com.,fqdn
kleinboot.com.,fqdn
cylex-locale.fr.,fqdn
teez.in.,fqdn
federale.be.,fqdn
piquetea.com.,fqdn
meiman29nr.cn.,fqdn
olly.com.,fqdn
dorianlpg.com.,fqdn
olivierlaudus.com.,fqdn
mdma.ch.,fqdn
topclassactions.com.,fqdn
kulfibeauty.com.,fqdn
v9betp.vip.,fqdn
eggfactorycafe.com.,fqdn
thig.com.,fqdn
loopme.com.,fqdn
ringlead.com.,fqdn
countyofriverside.us.,fqdn
coleswindell.com.,fqdn
readtoto.org.,fqdn
eventbrite.fi.,fqdn
homezonefurniture.com.,fqdn
specsavers.com.,fqdn
ksayerdoula.com.,fqdn
unrealtournament.com.,fqdn
baronionline.it.,fqdn
burnsideproject.org.,fqdn
rocktape.com.,fqdn
arcgisonline.com.,fqdn
leon-greek.com.,fqdn
gifi.fr.,fqdn
hotel-hennef.com.,fqdn
shetlandtimes.co.uk.,fqdn
stylishtop.com.au.,fqdn
gabyfriedman.com.,fqdn
newmastersounds.com.,fqdn
frankstellanyc.com.,fqdn
freebetstake.com.,fqdn
gvb.ch.,fqdn
atfbank.kz.,fqdn
verdemente.com.,fqdn
msrgear.com.,fqdn
aubinandwills.com.,fqdn
effortlessfoodie.com.,fqdn
cms.gov.,fqdn
shepherd.com.,fqdn
sportmaster.dk.,fqdn
sv368.consulting.,fqdn
revenuquebec.ca.,fqdn
core-online.org.,fqdn
onebid.pl.,fqdn
glassdoor.nl.,fqdn
computerwoche.de.,fqdn
pomerium.com.,fqdn
oneida-nsn.gov.,fqdn
suny.edu.,fqdn
smtimes.ru.,fqdn
beconscioustravels.com.,fqdn
bluecross.org.uk.,fqdn
mvp189.net.,fqdn
hypevault.co.,fqdn
theclashify.com.,fqdn
lids.com.,fqdn
alldiamond.co.uk.,fqdn
rnc.org.,fqdn
barniescoffee.com.,fqdn
eastvaleca.gov.,fqdn
vsd.lt.,fqdn
teeoff.com.,fqdn
womenscyberjutsu.org.,fqdn
teefashionstar.com.,fqdn
iu7.ru.,fqdn
vapo.co.nz.,fqdn
railsclothing.com.,fqdn
nuroco.com.,fqdn
slot777royal.com.,fqdn
ytelegram.com.,fqdn
coinauctionshelp.com.,fqdn
pertaminafoundation.org.,fqdn
inea.pl.,fqdn
theseed.ca.,fqdn
womensecret.mx.,fqdn
pivotcycles.com.au.,fqdn
northmyrtlebeachtravel.com.,fqdn
cef.co.uk.,fqdn
adcn.org.,fqdn
kineticskateboarding.com.,fqdn
sausalito.gov.,fqdn
myconsumers.org.,fqdn
hummkombucha.com.,fqdn
thenorthface.de.,fqdn
mowasalat.com.,fqdn
csc.net.cn.,fqdn
factoryofsadness.co.,fqdn
13deals.com.,fqdn
socialprintstudio.com.,fqdn
design911.com.,fqdn
olivemagazine.gr.,fqdn
cosmosdeli.net.,fqdn
sanctis.fr.,fqdn
superdry.com.,fqdn
veteranownedbusiness.com.,fqdn
bocchettaplushtoys.com.,fqdn
interweavetextiles.com.,fqdn
hondaiscoin.com.,fqdn
smartrike.com.,fqdn
mcclatchydc.com.,fqdn
shbetvnd.com.,fqdn
staticnails.com.,fqdn
mykawartha.com.,fqdn
crowboroughlife.com.,fqdn
activejeremy.com.,fqdn
pamperedchef.biz.,fqdn
zenbivy.com.,fqdn
presidentsalliance.org.,fqdn
dvusd.org.,fqdn
donsappliances.com.,fqdn
breathlessresorts.com.,fqdn
kinglouie.nl.,fqdn
nextcomputers.org.,fqdn
i-online-casino.org.,fqdn
selver.ee.,fqdn
theweddingofmydreams.co.uk.,fqdn
workoutforless.co.uk.,fqdn
foxdealer.com.,fqdn
degods.com.,fqdn
agbrief.com.,fqdn
maralex-paris.com.,fqdn
atgp.jp.,fqdn
autorenwelt.de.,fqdn
acam.org.,fqdn
realclearenergy.org.,fqdn
noon.com.,fqdn
namshi.com.,fqdn
mgl.lobby.igamecj.com.,fqdn
capcut.com.,fqdn
appsflyersdk.com.,fqdn
capcutapi.com.,fqdn
faceueditor.com.,fqdn
useblackbox.io.,fqdn
blackbox.ai.,fqdn
perplexity.ai.,fqdn
searchgpt.com.,fqdn
a2z.com.,fqdn
gemini.google.,fqdn
netify.ai.,fqdn
pxf.io.,fqdn
framer.com.,fqdn
bestofai.com.,fqdn
discord.gg.,fqdn
discord.com.,fqdn
spikes.studio.,fqdn
ai-chat.bsg.brave.com.,fqdn
trae.ai.,fqdn
bnetdocs.org.,fqdn
datastudios.org.,fqdn
gpuopen.com.,fqdn
windsurf.com.,fqdn
cursor.com.,fqdn
idx.google.com.,fqdn
app.cline.bot.,fqdn
